model,framework,query_idx,final_pass,delivered,artifact_delivered,official_delivered,tokens,cost_usd,runtime_seconds,failure_reason
deepseek,stigmergiagentic_c3,0,True,False,True,False,11140,0.00253824,0.0,ok
deepseek,stigmergiagentic_c3,1,True,False,True,False,10355,0.00237404,0.0,ok
deepseek,stigmergiagentic_c3,2,True,False,True,False,10907,0.0025001,0.0,ok
deepseek,stigmergiagentic_c3,3,True,False,True,False,8590,0.0020486000000000002,0.0,ok
deepseek,stigmergiagentic_c3,4,True,False,True,False,11194,0.0025827000000000003,0.0,ok
deepseek,stigmergiagentic_c3,5,True,False,True,False,10386,0.00246458,0.0,ok
deepseek,stigmergiagentic_c3,6,True,False,True,False,10582,0.00242384,0.0,ok
deepseek,stigmergiagentic_c3,7,True,False,True,False,9740,0.00235298,0.0,ok
deepseek,stigmergiagentic_c3,8,True,False,True,False,9080,0.00207658,0.0,ok
deepseek,stigmergiagentic_c3,9,True,False,True,False,11091,0.00253248,0.0,ok
deepseek,stigmergiagentic_c3,10,True,False,True,False,10917,0.00243902,0.0,ok
deepseek,stigmergiagentic_c3,11,True,False,True,False,8596,0.0020552,0.0,ok
deepseek,stigmergiagentic_c3,12,True,False,True,False,9420,0.00220752,0.0,ok
deepseek,stigmergiagentic_c3,13,True,False,True,False,10486,0.00240456,0.0,ok
deepseek,stigmergiagentic_c3,14,True,False,True,False,11863,0.0026707600000000003,0.0,ok
deepseek,stigmergiagentic_c3,15,True,False,True,False,9785,0.0023311,0.0,ok
deepseek,stigmergiagentic_c3,16,True,False,True,False,23287,0.005363000000000001,0.0,ok
deepseek,stigmergiagentic_c3,17,False,True,True,True,33724,0.00660526,0.0,ok
deepseek,stigmergiagentic_c3,18,True,False,True,False,12252,0.0027104800000000004,0.0,ok
deepseek,stigmergiagentic_c3,19,False,True,True,True,35230,0.00678218,0.0,ok
deepseek,stigmergiagentic_c3,20,True,False,True,False,16856,0.003948999999999999,0.0,ok
deepseek,stigmergiagentic_c3,21,False,True,True,True,44100,0.009245360000000001,0.0,ok
deepseek,stigmergiagentic_c3,22,True,False,True,False,16338,0.00384374,0.0,ok
deepseek,stigmergiagentic_c3,23,True,False,True,False,15298,0.00364044,0.0,ok
deepseek,stigmergiagentic_c3,24,False,True,True,True,44297,0.00940728,0.0,ok
deepseek,stigmergiagentic_c3,25,False,True,True,True,48625,0.01008376,0.0,ok
deepseek,stigmergiagentic_c3,26,True,False,True,False,14752,0.0035575,0.0,ok
deepseek,stigmergiagentic_c3,27,True,False,True,False,14630,0.0035568,0.0,ok
deepseek,stigmergiagentic_c3,28,True,False,True,False,13774,0.00346888,0.0,ok
deepseek,stigmergiagentic_c3,29,True,False,True,False,13102,0.00334266,0.0,ok
deepseek,stigmergiagentic_c3,30,False,True,True,True,44779,0.00959884,0.0,ok
deepseek,stigmergiagentic_c3,31,False,True,True,True,45338,0.011014,0.0,ok
deepseek,stigmergiagentic_c3,32,True,False,True,False,16308,0.00388212,0.0,ok
deepseek,stigmergiagentic_c3,33,False,True,True,True,44622,0.00940124,0.0,ok
deepseek,stigmergiagentic_c3,34,True,False,True,False,30848,0.00744188,0.0,ok
deepseek,stigmergiagentic_c3,35,False,True,True,True,49572,0.010020939999999999,0.0,ok
deepseek,stigmergiagentic_c3,36,True,False,True,False,16710,0.0039036400000000003,0.0,ok
deepseek,stigmergiagentic_c3,37,False,True,True,True,43483,0.00917204,0.0,ok
deepseek,stigmergiagentic_c3,38,True,False,True,False,16379,0.0038423600000000004,0.0,ok
deepseek,stigmergiagentic_c3,39,True,False,True,False,15528,0.0036869000000000003,0.0,ok
deepseek,stigmergiagentic_c3,40,False,True,True,True,58328,0.01436696,0.0,ok
deepseek,stigmergiagentic_c3,41,True,False,True,False,63514,0.01519638,0.0,ok
deepseek,stigmergiagentic_c3,42,True,False,True,False,40873,0.0098819,0.0,ok
deepseek,stigmergiagentic_c3,43,False,True,True,True,57119,0.012339180000000002,0.0,ok
deepseek,stigmergiagentic_c3,44,True,False,True,False,38134,0.009417459999999999,0.0,ok
deepseek,stigmergiagentic_c3,45,True,False,True,False,20307,0.004934620000000001,0.0,ok
deepseek,stigmergiagentic_c3,46,True,False,True,False,21673,0.00517046,0.0,ok
deepseek,stigmergiagentic_c3,47,False,True,True,True,58396,0.01268034,0.0,ok
deepseek,stigmergiagentic_c3,48,False,True,True,True,58891,0.01299864,0.0,ok
deepseek,stigmergiagentic_c3,49,True,False,True,False,21724,0.0052083,0.0,ok
deepseek,stigmergiagentic_c3,50,True,False,True,False,20049,0.00502406,0.0,ok
deepseek,stigmergiagentic_c3,51,True,False,True,False,19556,0.00479454,0.0,ok
deepseek,stigmergiagentic_c3,52,True,False,True,False,20342,0.00488514,0.0,ok
deepseek,stigmergiagentic_c3,53,True,False,True,False,21358,0.00513508,0.0,ok
deepseek,stigmergiagentic_c3,54,False,True,True,True,61744,0.01341374,0.0,ok
deepseek,stigmergiagentic_c3,55,True,False,True,False,22787,0.005301739999999999,0.0,ok
deepseek,stigmergiagentic_c3,56,False,True,True,True,61646,0.012964500000000002,0.0,ok
deepseek,stigmergiagentic_c3,57,True,False,True,False,20823,0.00507656,0.0,ok
deepseek,stigmergiagentic_c3,58,False,True,True,True,57031,0.012583819999999999,0.0,ok
deepseek,stigmergiagentic_c3,59,False,True,True,True,61238,0.0128671,0.0,ok
deepseek,stigmergiagentic_c3,60,True,False,True,False,8852,0.0021037,0.0,ok
deepseek,stigmergiagentic_c3,61,True,False,True,False,10050,0.0023795400000000003,0.0,ok
deepseek,stigmergiagentic_c3,62,True,False,True,False,10313,0.00242412,0.0,ok
deepseek,stigmergiagentic_c3,63,True,False,True,False,11532,0.00266924,0.0,ok
deepseek,stigmergiagentic_c3,64,True,False,True,False,11627,0.0026758000000000003,0.0,ok
deepseek,stigmergiagentic_c3,65,True,False,True,False,8192,0.0019790600000000004,0.0,ok
deepseek,stigmergiagentic_c3,66,True,False,True,False,11207,0.0025631,0.0,ok
deepseek,stigmergiagentic_c3,67,True,False,True,False,8130,0.00201876,0.0,ok
deepseek,stigmergiagentic_c3,68,True,False,True,False,10108,0.0023852400000000003,0.0,ok
deepseek,stigmergiagentic_c3,69,False,True,True,True,26376,0.0056187400000000005,0.0,ok
deepseek,stigmergiagentic_c3,70,True,False,True,False,9007,0.00212978,0.0,ok
deepseek,stigmergiagentic_c3,71,True,False,True,False,9996,0.00240646,0.0,ok
deepseek,stigmergiagentic_c3,72,True,False,True,False,19639,0.00462688,0.0,ok
deepseek,stigmergiagentic_c3,73,True,False,True,False,9960,0.00236354,0.0,ok
deepseek,stigmergiagentic_c3,74,False,True,True,True,33586,0.006583639999999999,0.0,ok
deepseek,stigmergiagentic_c3,75,True,False,True,False,10480,0.00240128,0.0,ok
deepseek,stigmergiagentic_c3,76,True,False,True,False,17552,0.0042856199999999995,0.0,ok
deepseek,stigmergiagentic_c3,77,False,True,True,True,32312,0.0064172000000000005,0.0,ok
deepseek,stigmergiagentic_c3,78,True,False,True,False,10084,0.00233726,0.0,ok
deepseek,stigmergiagentic_c3,79,False,True,True,True,31709,0.0063393600000000005,0.0,ok
deepseek,stigmergiagentic_c3,80,True,False,True,False,14834,0.0035862800000000003,0.0,ok
deepseek,stigmergiagentic_c3,81,True,False,True,False,16914,0.003914860000000001,0.0,ok
deepseek,stigmergiagentic_c3,82,True,False,True,False,15029,0.0036706000000000004,0.0,ok
deepseek,stigmergiagentic_c3,83,False,True,True,True,48797,0.011766060000000002,0.0,ok
deepseek,stigmergiagentic_c3,84,True,False,True,False,36586,0.008310340000000001,0.0,ok
deepseek,stigmergiagentic_c3,85,False,True,True,True,44309,0.00915322,0.0,ok
deepseek,stigmergiagentic_c3,86,False,True,True,True,49029,0.010012420000000001,0.0,ok
deepseek,stigmergiagentic_c3,87,False,True,True,True,45133,0.00945092,0.0,ok
deepseek,stigmergiagentic_c3,88,False,True,True,True,51326,0.01032458,0.0,ok
deepseek,stigmergiagentic_c3,89,False,True,True,True,47682,0.009922420000000001,0.0,ok
deepseek,stigmergiagentic_c3,90,False,True,True,True,46403,0.01122226,0.0,ok
deepseek,stigmergiagentic_c3,91,False,True,True,True,52128,0.0121478,0.0,ok
deepseek,stigmergiagentic_c3,92,True,False,True,False,14941,0.0035455800000000004,0.0,ok
deepseek,stigmergiagentic_c3,93,True,False,True,False,15427,0.00367942,0.0,ok
deepseek,stigmergiagentic_c3,94,False,True,True,True,43910,0.010843460000000001,0.0,ok
deepseek,stigmergiagentic_c3,95,False,True,True,True,44620,0.01073522,0.0,ok
deepseek,stigmergiagentic_c3,96,False,True,True,True,44886,0.01061142,0.0,ok
deepseek,stigmergiagentic_c3,97,False,True,True,True,46353,0.00974432,0.0,ok
deepseek,stigmergiagentic_c3,98,True,False,True,False,14962,0.0035520800000000004,0.0,ok
deepseek,stigmergiagentic_c3,99,False,True,True,True,44469,0.01078562,0.0,ok
deepseek,stigmergiagentic_c3,100,True,False,True,False,18428,0.004691020000000001,0.0,ok
deepseek,stigmergiagentic_c3,101,False,True,True,True,53564,0.012058160000000002,0.0,ok
deepseek,stigmergiagentic_c3,102,True,False,True,False,18368,0.004646600000000001,0.0,ok
deepseek,stigmergiagentic_c3,103,True,False,True,False,17717,0.00456672,0.0,ok
deepseek,stigmergiagentic_c3,104,False,True,True,True,57566,0.012551999999999999,0.0,ok
deepseek,stigmergiagentic_c3,105,True,False,True,False,19143,0.00480312,0.0,ok
deepseek,stigmergiagentic_c3,106,False,True,True,True,56571,0.012245480000000001,0.0,ok
deepseek,stigmergiagentic_c3,107,False,True,True,True,59238,0.012658760000000002,0.0,ok
deepseek,stigmergiagentic_c3,108,True,False,True,False,41103,0.00979984,0.0,ok
deepseek,stigmergiagentic_c3,109,True,False,True,False,21494,0.00714798,0.0,ok
deepseek,stigmergiagentic_c3,110,True,False,True,False,19063,0.00474334,0.0,ok
deepseek,stigmergiagentic_c3,111,False,True,True,True,59645,0.014860980000000001,0.0,ok
deepseek,stigmergiagentic_c3,112,False,True,True,True,56940,0.01443796,0.0,ok
deepseek,stigmergiagentic_c3,113,False,True,True,True,62909,0.014968160000000001,0.0,ok
deepseek,stigmergiagentic_c3,114,True,False,True,False,21800,0.005203920000000001,0.0,ok
deepseek,stigmergiagentic_c3,115,True,False,True,False,20143,0.00490432,0.0,ok
deepseek,stigmergiagentic_c3,116,False,True,True,True,62864,0.01327728,0.0,ok
deepseek,stigmergiagentic_c3,117,True,False,True,False,18294,0.0045735,0.0,ok
deepseek,stigmergiagentic_c3,118,False,True,True,True,58663,0.012955780000000002,0.0,ok
deepseek,stigmergiagentic_c3,119,False,True,True,True,58452,0.014970520000000001,0.0,ok
deepseek,stigmergiagentic_c3,120,False,True,True,True,25796,0.005596080000000001,0.0,ok
deepseek,stigmergiagentic_c3,121,True,False,True,False,10051,0.0023507600000000003,0.0,ok
deepseek,stigmergiagentic_c3,122,False,True,True,True,31402,0.006220780000000001,0.0,ok
deepseek,stigmergiagentic_c3,123,True,False,True,False,21486,0.00497638,0.0,ok
deepseek,stigmergiagentic_c3,124,False,True,True,True,36479,0.006984640000000001,0.0,ok
deepseek,stigmergiagentic_c3,125,False,True,True,True,28853,0.005785800000000001,0.0,ok
deepseek,stigmergiagentic_c3,126,True,False,True,False,9768,0.00230742,0.0,ok
deepseek,stigmergiagentic_c3,127,True,False,True,False,11670,0.00276626,0.0,ok
deepseek,stigmergiagentic_c3,128,True,False,True,False,9759,0.0023041600000000004,0.0,ok
deepseek,stigmergiagentic_c3,129,False,True,True,True,28119,0.00583016,0.0,ok
deepseek,stigmergiagentic_c3,130,False,True,True,True,35565,0.0079643,0.0,ok
deepseek,stigmergiagentic_c3,131,False,True,True,True,34432,0.007666300000000001,0.0,ok
deepseek,stigmergiagentic_c3,132,True,False,True,False,11744,0.0027563600000000002,0.0,ok
deepseek,stigmergiagentic_c3,133,True,False,True,False,11208,0.0025476000000000006,0.0,ok
deepseek,stigmergiagentic_c3,134,True,False,True,False,22348,0.0050543,0.0,ok
deepseek,stigmergiagentic_c3,135,False,True,True,True,35120,0.006852779999999999,0.0,ok
deepseek,stigmergiagentic_c3,136,True,False,True,False,10210,0.00235066,0.0,ok
deepseek,stigmergiagentic_c3,137,False,True,True,True,29879,0.006016860000000001,0.0,ok
deepseek,stigmergiagentic_c3,138,True,False,True,False,9686,0.00224544,0.0,ok
deepseek,stigmergiagentic_c3,139,False,True,True,True,36530,0.00684442,0.0,ok
deepseek,stigmergiagentic_c3,140,False,True,True,True,48880,0.00991492,0.0,ok
deepseek,stigmergiagentic_c3,141,True,False,True,False,16540,0.0038793199999999995,0.0,ok
deepseek,stigmergiagentic_c3,142,False,True,True,True,49801,0.010237980000000002,0.0,ok
deepseek,stigmergiagentic_c3,143,False,True,True,True,38266,0.008751660000000001,0.0,ok
deepseek,stigmergiagentic_c3,144,False,True,True,True,36170,0.008541080000000001,0.0,ok
deepseek,stigmergiagentic_c3,145,True,False,True,False,14041,0.0035311400000000003,0.0,ok
deepseek,stigmergiagentic_c3,146,False,True,True,True,42416,0.0089414,0.0,ok
deepseek,stigmergiagentic_c3,147,False,True,True,True,40429,0.00896692,0.0,ok
deepseek,stigmergiagentic_c3,148,True,False,True,False,11983,0.00308068,0.0,ok
deepseek,stigmergiagentic_c3,149,False,True,True,True,44950,0.009679040000000002,0.0,ok
deepseek,stigmergiagentic_c3,150,True,False,True,False,32481,0.007791440000000001,0.0,ok
deepseek,stigmergiagentic_c3,151,True,False,True,False,13600,0.0034524800000000004,0.0,ok
deepseek,stigmergiagentic_c3,152,False,True,True,True,45694,0.01105464,0.0,ok
deepseek,stigmergiagentic_c3,153,False,True,True,True,50555,0.01174472,0.0,ok
deepseek,stigmergiagentic_c3,154,True,False,True,False,14118,0.00348968,0.0,ok
deepseek,stigmergiagentic_c3,155,False,True,True,True,42425,0.010565399999999999,0.0,ok
deepseek,stigmergiagentic_c3,156,True,False,True,False,14707,0.00355116,0.0,ok
deepseek,stigmergiagentic_c3,157,True,False,True,False,53002,0.01224722,0.0,ok
deepseek,stigmergiagentic_c3,158,True,False,True,False,16584,0.00395096,0.0,ok
deepseek,stigmergiagentic_c3,159,False,True,True,True,35283,0.00823052,0.0,ok
deepseek,stigmergiagentic_c3,160,False,True,True,True,53181,0.013709920000000002,0.0,ok
deepseek,stigmergiagentic_c3,161,True,False,True,False,18280,0.0046079,0.0,ok
deepseek,stigmergiagentic_c3,162,True,False,True,False,19511,0.0048304,0.0,ok
deepseek,stigmergiagentic_c3,163,False,True,True,True,51118,0.012058000000000001,0.0,ok
deepseek,stigmergiagentic_c3,164,False,True,True,True,63178,0.0134019,0.0,ok
deepseek,stigmergiagentic_c3,165,True,False,True,False,32970,0.00885198,0.0,ok
deepseek,stigmergiagentic_c3,166,True,False,True,False,39978,0.0098962,0.0,ok
deepseek,stigmergiagentic_c3,167,False,True,True,True,56965,0.012760220000000001,0.0,ok
deepseek,stigmergiagentic_c3,168,True,False,True,False,16333,0.00442964,0.0,ok
deepseek,stigmergiagentic_c3,169,False,True,True,True,65280,0.01548072,0.0,ok
deepseek,stigmergiagentic_c3,170,False,True,True,True,68132,0.01608536,0.0,ok
deepseek,stigmergiagentic_c3,171,True,False,True,False,20576,0.0049775,0.0,ok
deepseek,stigmergiagentic_c3,172,True,False,True,False,35281,0.0092158,0.0,ok
deepseek,stigmergiagentic_c3,173,True,False,True,False,16542,0.0043859,0.0,ok
deepseek,stigmergiagentic_c3,174,True,False,True,False,33895,0.0090566,0.0,ok
deepseek,stigmergiagentic_c3,175,True,False,True,False,18373,0.00465874,0.0,ok
deepseek,stigmergiagentic_c3,176,False,True,True,True,58711,0.012995300000000001,0.0,ok
deepseek,stigmergiagentic_c3,177,True,False,True,False,20132,0.00489222,0.0,ok
deepseek,stigmergiagentic_c3,178,False,True,True,True,65629,0.01557604,0.0,ok
deepseek,stigmergiagentic_c3,179,False,True,True,True,60088,0.01464898,0.0,ok
gemma,metagpt_sequential,0,True,True,True,True,7554,0.00111077,54.2008,
gemma,metagpt_sequential,1,True,True,True,True,13039,0.0022967100000000004,55.7077,
gemma,metagpt_sequential,2,True,True,True,True,7436,0.00123926,81.0257,
gemma,metagpt_sequential,3,True,True,True,True,5847,0.00096133,50.4682,
gemma,metagpt_sequential,4,True,True,True,True,7686,0.0011331800000000001,53.7127,
gemma,metagpt_sequential,5,False,True,True,True,13071,0.00202665,116.0455,hard:valid_cost
gemma,metagpt_sequential,6,True,True,True,True,7110,0.0014578500000000001,131.5419,
gemma,metagpt_sequential,7,True,True,True,True,6569,0.00105449,77.4804,
gemma,metagpt_sequential,8,True,True,True,True,11604,0.00203353,69.3434,
gemma,metagpt_sequential,9,True,True,True,True,7581,0.0014565049999999999,47.35,
gemma,metagpt_sequential,10,True,True,True,True,7484,0.0011478299999999999,91.6973,
gemma,metagpt_sequential,11,True,True,True,True,5863,0.00094727,77.5214,
gemma,metagpt_sequential,12,True,True,True,True,6344,0.0010165999999999999,85.0429,
gemma,metagpt_sequential,13,True,True,True,True,7110,0.0015135699999999999,69.2206,
gemma,metagpt_sequential,14,True,True,True,True,8055,0.0012556,56.4842,
gemma,metagpt_sequential,15,True,True,True,True,6567,0.001447225,94.4601,
gemma,metagpt_sequential,16,True,True,True,True,7997,0.0012326799999999999,93.9125,
gemma,metagpt_sequential,17,False,True,True,True,14112,0.0021095099999999998,115.1408,hard:valid_cost
gemma,metagpt_sequential,18,True,True,True,True,8413,0.00131718,94.1411,
gemma,metagpt_sequential,19,False,True,True,True,14924,0.0022695099999999998,111.8306,hard:valid_cost
gemma,metagpt_sequential,20,False,True,True,True,20994,0.00388594,98.4813,commonsense:valid_transportation
gemma,metagpt_sequential,21,False,True,True,True,18426,0.00328542,111.8433,hard:valid_cost
gemma,metagpt_sequential,22,True,True,True,True,10603,0.0016933,94.8355,
gemma,metagpt_sequential,23,True,True,True,True,10009,0.00149892,123.5075,
gemma,metagpt_sequential,24,False,True,True,True,18262,0.00288126,115.3636,commonsense:valid_transportation
gemma,metagpt_sequential,25,False,True,True,True,20293,0.0034360750000000002,95.7129,commonsense:valid_transportation;hard:valid_cost
gemma,metagpt_sequential,26,False,True,True,True,18011,0.0027481199999999997,95.8157,commonsense:valid_transportation
gemma,metagpt_sequential,27,True,True,True,True,9529,0.00157201,140.5321,
gemma,metagpt_sequential,28,True,True,True,True,8747,0.00168791,66.4597,
gemma,metagpt_sequential,29,True,True,True,True,8545,0.00130735,73.391,
gemma,metagpt_sequential,30,False,True,True,True,18549,0.0033519500000000002,129.9489,commonsense:valid_transportation
gemma,metagpt_sequential,31,False,True,True,True,18341,0.0031006849999999997,85.1311,commonsense:valid_transportation
gemma,metagpt_sequential,32,True,True,True,True,10519,0.00158088,63.0143,
gemma,metagpt_sequential,33,False,True,True,True,18056,0.0027848,93.7368,commonsense:valid_transportation
gemma,metagpt_sequential,34,True,True,True,True,10197,0.00161383,99.3842,
gemma,metagpt_sequential,35,False,True,True,True,20558,0.0036311399999999997,85.3997,commonsense:valid_transportation
gemma,metagpt_sequential,36,False,True,True,True,20605,0.0037472,95.1691,commonsense:valid_transportation
gemma,metagpt_sequential,37,False,True,True,True,17935,0.00282478,140.8736,commonsense:valid_transportation
gemma,metagpt_sequential,38,True,True,True,True,10799,0.002141125,76.288,
gemma,metagpt_sequential,39,True,True,True,True,10361,0.0015668000000000001,117.3522,
gemma,metagpt_sequential,40,False,True,True,True,23440,0.004580825,80.0446,hard:valid_cost
gemma,metagpt_sequential,41,False,True,True,True,25604,0.003904965,114.0848,commonsense:valid_transportation
gemma,metagpt_sequential,42,True,True,True,True,13127,0.002858175,68.7141,
gemma,metagpt_sequential,43,False,True,True,True,23235,0.00349032,102.3065,hard:valid_cost
gemma,metagpt_sequential,44,True,True,True,True,12272,0.00186233,78.2064,
gemma,metagpt_sequential,45,True,True,True,True,13409,0.00204617,93.8555,
gemma,metagpt_sequential,46,False,True,True,True,26546,0.0038736199999999995,136.1076,commonsense:valid_transportation
gemma,metagpt_sequential,47,False,True,True,True,23584,0.00357854,99.7846,hard:valid_cost
gemma,metagpt_sequential,48,False,True,True,True,24002,0.00425506,97.3034,commonsense:valid_transportation
gemma,metagpt_sequential,49,False,True,True,True,26493,0.004617675,98.1626,commonsense:valid_transportation
gemma,metagpt_sequential,50,True,True,True,True,24413,0.0050231500000000005,204.831,
gemma,metagpt_sequential,51,True,True,True,True,12638,0.00193246,152.2484,
gemma,metagpt_sequential,52,True,True,True,True,24788,0.0037710900000000004,149.3765,
gemma,metagpt_sequential,53,False,True,True,True,25963,0.004714315,177.8816,commonsense:valid_transportation
gemma,metagpt_sequential,54,False,True,True,True,25093,0.00408188,124.2632,commonsense:valid_transportation
gemma,metagpt_sequential,55,False,True,True,True,28125,0.0051192500000000005,116.6611,commonsense:valid_transportation
gemma,metagpt_sequential,56,False,True,True,True,24987,0.004347800000000001,111.9005,hard:valid_cost
gemma,metagpt_sequential,57,True,True,True,True,13403,0.00262577,63.0115,
gemma,metagpt_sequential,58,False,True,True,True,23222,0.00371674,120.6557,commonsense:valid_transportation
gemma,metagpt_sequential,59,False,True,True,True,24939,0.00378472,132.8777,commonsense:valid_transportation
gemma,metagpt_sequential,60,True,True,True,True,6232,0.00100144,93.2742,
gemma,metagpt_sequential,61,True,True,True,True,7141,0.0014952,70.8777,
gemma,metagpt_sequential,62,True,True,True,True,6949,0.00113718,76.8045,
gemma,metagpt_sequential,63,True,True,True,True,8067,0.001324195,174.7639,
gemma,metagpt_sequential,64,True,True,True,True,8079,0.00135126,94.0237,
gemma,metagpt_sequential,65,True,True,True,True,5872,0.00101704,111.3772,
gemma,metagpt_sequential,66,True,True,True,True,7764,0.0012045200000000002,125.6786,
gemma,metagpt_sequential,67,False,True,True,True,10609,0.00165147,81.2677,commonsense:valid_restaurants
gemma,metagpt_sequential,68,True,True,True,True,7024,0.00105165,57.6712,
gemma,metagpt_sequential,69,False,True,True,True,11118,0.001739145,70.7374,commonsense:valid_restaurants;hard:valid_cuisine
gemma,metagpt_sequential,70,True,True,True,True,6309,0.00134059,76.8782,
gemma,metagpt_sequential,71,True,True,True,True,6860,0.0013000199999999998,49.5462,
gemma,metagpt_sequential,72,True,True,True,True,12399,0.00193327,125.1059,
gemma,metagpt_sequential,73,True,True,True,True,12846,0.00233235,61.3903,
gemma,metagpt_sequential,74,False,True,True,True,14098,0.0021746,115.9046,hard:valid_cost
gemma,metagpt_sequential,75,True,True,True,True,7221,0.00116909,74.3295,
gemma,metagpt_sequential,76,True,True,True,True,6170,0.00103232,83.6206,
gemma,metagpt_sequential,77,False,True,True,True,13778,0.00200627,102.8036,hard:valid_cost
gemma,metagpt_sequential,78,True,True,True,True,7060,0.00108402,49.9466,
gemma,metagpt_sequential,79,False,True,True,True,13580,0.0020972,97.3769,hard:valid_cost
gemma,metagpt_sequential,80,True,True,True,True,9952,0.00161584,88.1957,
gemma,metagpt_sequential,81,False,True,True,True,20978,0.00315188,118.6317,commonsense:valid_transportation
gemma,metagpt_sequential,82,True,True,True,True,9982,0.00159118,76.007,
gemma,metagpt_sequential,83,False,True,True,True,19803,0.003367405,73.0666,commonsense:valid_transportation;hard:valid_cost;hard:valid_room_type
gemma,metagpt_sequential,84,False,True,True,True,22721,0.0041348800000000005,164.6565,commonsense:valid_transportation
gemma,metagpt_sequential,85,False,True,True,True,18174,0.00280374,96.1696,commonsense:valid_transportation;hard:valid_room_type
gemma,metagpt_sequential,86,True,True,True,True,10714,0.00225966,63.0697,
gemma,metagpt_sequential,87,True,True,True,True,10178,0.00165502,62.8353,
gemma,metagpt_sequential,88,False,True,True,True,21042,0.00373636,81.1017,commonsense:valid_transportation;commonsense:valid_accommodation
gemma,metagpt_sequential,89,False,True,True,True,19803,0.003028445,100.1749,commonsense:valid_transportation;commonsense:valid_accommodation;hard:valid_cost;hard:valid_room_type
gemma,metagpt_sequential,90,False,True,True,True,19046,0.00356345,105.2649,commonsense:valid_accommodation;hard:valid_room_type
gemma,metagpt_sequential,91,False,True,True,True,21618,0.00334197,123.3881,commonsense:valid_transportation;commonsense:valid_accommodation;hard:valid_cost
gemma,metagpt_sequential,92,True,True,True,True,9812,0.0015550100000000001,90.4363,
gemma,metagpt_sequential,93,False,True,True,True,18949,0.00329649,101.9878,commonsense:valid_transportation
gemma,metagpt_sequential,94,False,True,True,True,18094,0.003201345,104.0653,hard:valid_cost
gemma,metagpt_sequential,95,False,True,True,True,18531,0.003513845,101.2695,commonsense:valid_info_sandbox;commonsense:valid_transportation
gemma,metagpt_sequential,96,False,True,True,True,18546,0.0032272250000000002,117.1682,commonsense:valid_info_sandbox;commonsense:valid_transportation
gemma,metagpt_sequential,97,False,True,True,True,19207,0.00284175,94.3907,commonsense:valid_accommodation
gemma,metagpt_sequential,98,True,True,True,True,9481,0.001870455,69.6333,
gemma,metagpt_sequential,99,False,True,True,True,17880,0.0027385400000000002,156.4939,hard:valid_cost;hard:valid_room_type
gemma,metagpt_sequential,100,True,True,True,True,11826,0.00235315,82.1002,
gemma,metagpt_sequential,101,False,True,True,True,22178,0.0036173200000000003,122.2474,hard:valid_cost
gemma,metagpt_sequential,102,True,True,True,True,12144,0.00197212,111.0378,
gemma,metagpt_sequential,103,True,True,True,True,11692,0.00183814,91.185,
gemma,metagpt_sequential,104,False,True,True,True,23668,0.0040411250000000004,103.4574,commonsense:valid_info_sandbox;commonsense:valid_transportation
gemma,metagpt_sequential,105,True,True,True,True,12454,0.00200855,101.8009,
gemma,metagpt_sequential,106,False,True,True,True,23172,0.0035634300000000002,134.5422,commonsense:valid_transportation;commonsense:valid_accommodation
gemma,metagpt_sequential,107,False,True,True,True,24176,0.004145475,102.3647,hard:valid_room_rule
gemma,metagpt_sequential,108,False,True,True,True,25052,0.00389092,146.0257,commonsense:valid_transportation;hard:valid_cost
gemma,metagpt_sequential,109,True,True,True,True,13959,0.00223727,65.1028,
gemma,metagpt_sequential,110,False,True,True,True,23736,0.005160515000000001,289.255,commonsense:valid_transportation
gemma,metagpt_sequential,111,True,True,True,True,13003,0.002509955,110.2665,
gemma,metagpt_sequential,112,True,True,True,True,23052,0.0041843,183.9722,
gemma,metagpt_sequential,113,False,True,True,True,25638,0.0040589400000000005,192.6637,commonsense:valid_accommodation
gemma,metagpt_sequential,114,False,True,True,True,26809,0.00404919,136.3172,commonsense:valid_transportation
gemma,metagpt_sequential,115,False,True,True,True,24917,0.00397409,143.3038,commonsense:valid_accommodation
gemma,metagpt_sequential,116,False,True,True,True,25570,0.0037533799999999997,117.7814,hard:valid_room_type
gemma,metagpt_sequential,117,True,True,True,True,12090,0.0021060799999999998,132.8445,
gemma,planner_executor,0,True,True,True,True,10213,0.00144169,21.1216,
gemma,planner_executor,1,False,True,True,True,9525,0.00146298,54.8224,commonsense:valid_transportation
gemma,planner_executor,2,True,True,True,True,9961,0.0014656299999999999,32.1128,
gemma,planner_executor,3,True,True,True,True,7453,0.00116198,52.7118,
gemma,planner_executor,4,True,True,True,True,10392,0.00151743,74.5617,
gemma,planner_executor,5,True,True,True,True,9412,0.001587415,30.9657,
gemma,planner_executor,6,True,True,True,True,9508,0.00144988,49.009,
gemma,planner_executor,7,True,True,True,True,8764,0.0013619,95.4432,
gemma,planner_executor,8,True,True,True,True,8158,0.00116904,19.1479,
gemma,planner_executor,9,True,True,True,True,10281,0.00149919,37.5006,
gemma,planner_executor,10,True,True,True,True,10138,0.00148695,32.0894,
gemma,planner_executor,11,True,True,True,True,7457,0.0011586399999999998,37.1332,
gemma,planner_executor,12,True,True,True,True,8436,0.00146974,46.4676,
gemma,planner_executor,13,True,True,True,True,9517,0.00134446,50.6318,
gemma,planner_executor,14,True,True,True,True,11188,0.0018611349999999999,32.3762,
gemma,planner_executor,15,True,True,True,True,8716,0.00129518,42.2935,
gemma,planner_executor,16,True,True,True,True,10885,0.00182007,24.8619,
gemma,planner_executor,17,False,True,True,True,10341,0.00151823,32.2148,hard:valid_cost
gemma,planner_executor,18,True,True,True,True,11821,0.00169448,23.8871,
gemma,planner_executor,19,False,True,True,True,11153,0.00161031,26.8011,hard:valid_cost
gemma,planner_executor,20,False,True,True,True,16383,0.00282527,170.5892,commonsense:valid_transportation
gemma,planner_executor,21,False,True,True,True,14201,0.00206513,30.6938,commonsense:valid_transportation;hard:valid_cost
gemma,planner_executor,22,True,True,True,True,15672,0.00223561,29.938,
gemma,planner_executor,23,False,True,True,True,14497,0.00214106,68.2113,commonsense:valid_transportation
gemma,planner_executor,24,False,True,True,True,13948,0.00216332,75.2584,commonsense:valid_transportation
gemma,planner_executor,25,False,True,True,True,15714,0.002736675,23.9299,commonsense:valid_transportation;hard:valid_cost
gemma,planner_executor,26,True,True,True,True,13818,0.00241299,41.7674,
gemma,planner_executor,27,True,True,True,True,13978,0.00217636,66.3373,
gemma,planner_executor,28,True,True,True,True,12556,0.002178655,46.9192,
gemma,planner_executor,29,True,True,True,True,12285,0.0018338,72.9756,
gemma,planner_executor,30,False,True,True,True,14286,0.00223924,61.0361,commonsense:valid_transportation
gemma,planner_executor,31,False,True,True,True,14005,0.00207857,39.2922,commonsense:valid_transportation
gemma,planner_executor,32,False,True,True,True,15473,0.0023653800000000003,42.5201,commonsense:valid_info_current_city;commonsense:valid_transportation
gemma,planner_executor,33,False,True,True,True,13878,0.00206328,38.6405,commonsense:valid_transportation
gemma,planner_executor,34,True,True,True,True,14766,0.00211583,29.3189,
gemma,planner_executor,35,False,True,True,True,16061,0.00235727,64.0391,commonsense:valid_transportation
gemma,planner_executor,36,False,True,True,True,16211,0.00238265,26.4577,commonsense:valid_transportation
gemma,planner_executor,37,False,True,True,True,13661,0.0023927,22.42,commonsense:valid_transportation
gemma,planner_executor,38,True,True,True,True,15793,0.00229387,26.8006,
gemma,planner_executor,39,True,True,True,True,15004,0.00278657,140.8918,
gemma,planner_executor,40,False,True,True,True,18738,0.00330558,35.9837,hard:valid_cost
gemma,planner_executor,41,False,True,True,True,20845,0.00310616,87.1898,commonsense:valid_transportation
gemma,planner_executor,42,False,True,True,True,20224,0.00289512,84.0527,commonsense:valid_transportation
gemma,planner_executor,43,False,True,True,True,18645,0.00291762,84.4045,hard:valid_cost
gemma,planner_executor,44,False,True,True,True,18461,0.0034038799999999998,38.8449,commonsense:valid_info_current_city;hard:valid_cost
gemma,planner_executor,45,True,True,True,True,19904,0.0030424,46.3927,
gemma,planner_executor,46,False,True,True,True,21523,0.0040658199999999995,131.2084,commonsense:valid_transportation
gemma,planner_executor,47,False,True,True,True,18641,0.00337076,70.7074,commonsense:valid_transportation;commonsense:valid_accommodation
gemma,planner_executor,48,False,True,True,True,18809,0.00281554,58.9263,commonsense:valid_transportation
gemma,planner_executor,49,False,True,True,True,21306,0.00312973,89.6211,commonsense:valid_transportation
gemma,planner_executor,50,True,True,True,True,19533,0.0030266,72.0965,
gemma,planner_executor,51,True,True,True,True,19250,0.00301428,66.1698,
gemma,planner_executor,52,False,True,True,True,19897,0.003261755,66.9932,commonsense:valid_info_current_city
gemma,planner_executor,53,False,True,True,True,20911,0.00295368,93.9147,commonsense:valid_info_current_city;commonsense:valid_transportation
gemma,planner_executor,54,False,True,True,True,20180,0.00303987,116.4141,commonsense:valid_transportation
gemma,planner_executor,55,False,True,True,True,22829,0.00347556,145.8038,commonsense:valid_transportation
gemma,planner_executor,56,False,True,True,True,20273,0.0030114499999999997,45.1847,commonsense:valid_transportation;hard:valid_cost
gemma,planner_executor,57,False,True,True,True,20505,0.0029416499999999996,66.6663,commonsense:valid_info_current_city;commonsense:valid_transportation
gemma,planner_executor,58,True,True,True,True,17554,0.00252241,26.145,
gemma,planner_executor,59,False,True,True,True,19860,0.00335957,75.8299,commonsense:valid_info_current_city;commonsense:valid_transportation
gemma,planner_executor,60,True,True,True,True,7773,0.00111074,19.2651,
gemma,planner_executor,61,False,True,True,True,9254,0.00137368,31.5164,hard:valid_cost
gemma,planner_executor,62,True,True,True,True,9407,0.0014571200000000001,55.4008,
gemma,planner_executor,63,True,True,True,True,10614,0.0015928000000000001,43.7965,
gemma,planner_executor,64,True,True,True,True,10779,0.00158385,41.2294,
gemma,planner_executor,65,True,True,True,True,7113,0.0011613449999999998,24.3759,
gemma,planner_executor,66,True,True,True,True,10330,0.00156762,44.768,
gemma,planner_executor,67,True,True,True,True,7156,0.00107603,39.699,
gemma,planner_executor,68,True,True,True,True,9024,0.0013207000000000002,32.3568,
gemma,planner_executor,69,False,True,True,True,7589,0.00119402,82.2168,hard:valid_cuisine
gemma,planner_executor,70,True,True,True,True,7933,0.00117474,28.6142,
gemma,planner_executor,71,True,True,True,True,8864,0.0013209200000000002,32.3684,
gemma,planner_executor,72,False,True,True,True,8833,0.00148207,25.1586,hard:valid_cost
gemma,planner_executor,73,True,True,True,True,9093,0.0013519600000000001,32.8494,
gemma,planner_executor,74,False,True,True,True,10427,0.00152907,29.882,hard:valid_cost
gemma,planner_executor,75,True,True,True,True,9515,0.0013417,24.0777,
gemma,planner_executor,76,False,True,True,True,7685,0.0011555699999999999,110.5344,hard:valid_cost
gemma,planner_executor,77,False,True,True,True,10076,0.001627275,18.4701,hard:valid_cost
gemma,planner_executor,78,True,True,True,True,9146,0.00160383,38.8218,
gemma,planner_executor,79,False,True,True,True,9792,0.00138096,20.7586,hard:valid_cost
gemma,planner_executor,80,False,True,True,True,14042,0.0021528199999999997,125.9907,commonsense:valid_transportation
gemma,planner_executor,81,False,True,True,True,16384,0.00229867,28.639,commonsense:valid_transportation
gemma,planner_executor,82,True,True,True,True,14279,0.0020420200000000003,34.0408,
gemma,planner_executor,83,False,True,True,True,15449,0.0022804,66.2787,commonsense:valid_transportation;hard:valid_room_type
gemma,planner_executor,84,False,True,True,True,17911,0.00252693,67.53,commonsense:valid_transportation
gemma,planner_executor,85,False,True,True,True,13909,0.00198942,42.2282,hard:valid_room_type
gemma,planner_executor,86,False,True,True,True,15825,0.0023598200000000003,88.2544,commonsense:valid_transportation
gemma,planner_executor,87,True,True,True,True,14466,0.00215543,61.9094,
gemma,planner_executor,88,False,True,True,True,16299,0.002629455,40.1162,commonsense:valid_transportation;commonsense:valid_accommodation
gemma,planner_executor,89,False,True,True,True,15159,0.00224399,50.4373,commonsense:valid_transportation;commonsense:valid_accommodation;hard:valid_cost;hard:valid_room_type
gemma,planner_executor,90,False,True,True,True,14596,0.0020972300000000003,57.7336,commonsense:valid_info_current_city;commonsense:valid_accommodation;hard:valid_room_type
gemma,planner_executor,91,False,True,True,True,16989,0.002875505,85.0384,commonsense:valid_transportation;commonsense:valid_accommodation;hard:valid_cost
gemma,planner_executor,92,False,True,True,True,14231,0.00212208,44.4646,hard:valid_cost
gemma,planner_executor,93,False,True,True,True,14700,0.00278888,268.8724,commonsense:valid_transportation
gemma,planner_executor,94,False,True,True,True,13772,0.002277485,52.4347,commonsense:valid_transportation;hard:valid_cost
gemma,planner_executor,95,False,True,True,True,13942,0.00250576,68.2796,commonsense:valid_info_sandbox;commonsense:valid_transportation
gemma,planner_executor,96,False,True,True,True,14181,0.002482255,31.0549,commonsense:valid_info_sandbox;commonsense:valid_transportation
gemma,planner_executor,97,False,True,True,True,14870,0.0021581,38.563,commonsense:valid_accommodation
gemma,planner_executor,98,True,True,True,True,14238,0.0021264400000000003,58.0291,
gemma,planner_executor,99,False,True,True,True,13611,0.00241581,42.6319,hard:valid_cost;hard:valid_room_type
gemma,planner_executor,100,True,True,True,True,17603,0.0030397849999999997,55.9633,
gemma,planner_executor,101,False,True,True,True,17206,0.003084645,73.3622,commonsense:valid_transportation;hard:valid_cost
gemma,planner_executor,102,True,True,True,True,17918,0.0032117400000000003,52.4556,
gemma,planner_executor,103,True,True,True,True,17033,0.00257041,58.0003,
gemma,planner_executor,104,False,True,True,True,18708,0.003111605,48.527,commonsense:valid_info_sandbox;commonsense:valid_transportation
gemma,planner_executor,105,True,True,True,True,18867,0.00286133,59.3085,
gemma,planner_executor,106,False,True,True,True,18338,0.0026601899999999998,52.0036,commonsense:valid_info_current_city;commonsense:valid_transportation;commonsense:valid_accommodation
gemma,planner_executor,107,False,True,True,True,19284,0.0032997,46.5174,commonsense:valid_accommodation
gemma,planner_executor,108,False,True,True,True,20147,0.00296322,74.1654,commonsense:valid_transportation;hard:valid_cost
gemma,planner_executor,109,False,True,True,True,21422,0.00316841,54.3421,commonsense:valid_transportation
gemma,planner_executor,110,False,True,True,True,18605,0.0027630099999999998,56.6418,commonsense:valid_transportation
gemma,planner_executor,111,True,True,True,True,19435,0.0028936400000000003,62.7807,
gemma,planner_executor,112,False,True,True,True,18253,0.00265364,58.4335,commonsense:valid_accommodation
gemma,planner_executor,113,False,True,True,True,20533,0.00317102,121.206,commonsense:valid_info_current_city;commonsense:valid_accommodation
gemma,planner_executor,114,False,True,True,True,21516,0.0032587199999999997,64.4997,commonsense:valid_transportation
gemma,planner_executor,115,False,True,True,True,19823,0.0033934,97.9112,commonsense:valid_accommodation;hard:valid_room_rule
gemma,planner_executor,116,False,True,True,True,20628,0.00316118,89.7106,commonsense:valid_accommodation
gemma,planner_executor,117,True,True,True,True,17697,0.0026633000000000004,66.2995,
gemma,planner_executor,118,False,True,True,True,19057,0.00297244,83.6271,commonsense:valid_accommodation
gemma,planner_executor,119,False,True,True,True,18456,0.00277871,58.522,commonsense:valid_info_current_city;commonsense:valid_transportation
gemma,planner_executor,120,False,True,True,True,7458,0.00109879,22.7152,hard:valid_cuisine
gemma,planner_executor,121,True,True,True,True,9082,0.0013217300000000001,29.1311,
gemma,planner_executor,122,False,True,True,True,9595,0.00146342,31.9479,hard:valid_cost
gemma,planner_executor,123,False,True,True,True,9843,0.00166919,18.9922,hard:valid_cost
gemma,planner_executor,124,False,True,True,True,11517,0.00172002,21.0023,hard:valid_cuisine
gemma,planner_executor,125,False,True,True,True,8800,0.00131248,41.7412,hard:valid_cost
gemma,planner_executor,126,True,True,True,True,8877,0.00138162,62.3731,
gemma,planner_executor,127,False,True,True,True,10424,0.0019556,179.7099,hard:valid_cost
gemma,planner_executor,128,False,True,True,True,8852,0.00136694,41.3319,hard:valid_cost
gemma,planner_executor,129,False,True,True,True,8321,0.00119298,35.0887,hard:valid_cost;hard:valid_cuisine
gemma,planner_executor,130,False,True,True,True,11075,0.00161677,52.0044,hard:valid_cost;hard:valid_cuisine
gemma,planner_executor,131,False,True,True,True,10857,0.00165154,73.5216,hard:valid_cost;hard:valid_cuisine
gemma,planner_executor,132,True,True,True,True,10611,0.00161918,53.8693,
gemma,planner_executor,133,True,True,True,True,10382,0.0014526600000000001,79.5063,
gemma,planner_executor,134,False,True,True,True,10336,0.0016543349999999998,34.5059,hard:valid_cost
gemma,planner_executor,135,False,True,True,True,11081,0.0016800399999999998,44.0086,hard:valid_cuisine
gemma,planner_executor,136,True,True,True,True,9437,0.0014439,45.0829,
gemma,planner_executor,137,False,True,True,True,8918,0.00132376,44.4483,hard:valid_cost;hard:valid_cuisine
gemma,planner_executor,138,True,True,True,True,8878,0.0013323200000000001,46.4801,
gemma,planner_executor,139,False,True,True,True,11570,0.00163385,40.5967,hard:valid_cost;hard:valid_cuisine
gemma,planner_executor,140,False,True,True,True,15673,0.002622645,54.7669,commonsense:valid_transportation;hard:valid_cost
gemma,planner_executor,141,True,True,True,True,16112,0.00236296,79.9731,
gemma,planner_executor,142,False,True,True,True,16034,0.00236323,86.7773,commonsense:valid_accommodation;hard:valid_room_type
gemma,planner_executor,143,False,True,True,True,11774,0.0018096599999999998,61.6425,hard:valid_cost
gemma,planner_executor,144,False,True,True,True,10909,0.0017428,78.636,hard:valid_cost
gemma,planner_executor,145,False,True,True,True,14737,0.002507975,99.5179,commonsense:not_absent
gemma,planner_executor,146,False,True,True,True,13163,0.002171785,89.6197,commonsense:valid_accommodation;hard:valid_cost
gemma,planner_executor,147,False,True,True,True,12438,0.00195478,132.7407,hard:valid_cost
gemma,planner_executor,148,False,True,True,True,10987,0.00168534,82.5196,commonsense:valid_transportation
gemma,planner_executor,149,False,True,True,True,14078,0.002322595,42.2539,hard:valid_cost;hard:valid_cuisine
gemma,planner_executor,150,True,True,True,True,15739,0.00296964,177.655,
gemma,planner_executor,151,True,True,True,True,12670,0.00198362,130.4671,
gemma,planner_executor,152,False,True,True,True,14537,0.0024677600000000003,60.8381,commonsense:valid_accommodation
gemma,planner_executor,153,False,True,True,True,16251,0.0028213250000000004,48.5925,hard:valid_cost
gemma,planner_executor,154,True,True,True,True,13389,0.002389275,90.8331,
gemma,planner_executor,155,False,True,True,True,13415,0.0025874599999999998,54.8717,hard:valid_cost
gemma,planner_executor,156,True,True,True,True,13968,0.00208924,65.4893,
gemma,planner_executor,157,True,True,True,True,16905,0.002818775,61.0163,
gemma,planner_executor,158,True,True,True,True,16168,0.0028196999999999996,55.7236,
gemma,planner_executor,159,False,True,True,True,10734,0.00172116,78.4091,hard:valid_cost
gemma,planner_executor,160,True,True,True,True,16804,0.00262452,113.2104,
gemma,planner_executor,161,True,True,True,True,17429,0.0025873800000000002,67.5544,
gemma,planner_executor,162,True,True,True,True,18910,0.00331665,106.9249,
gemma,planner_executor,163,False,True,True,True,16155,0.00292182,147.3488,hard:valid_cost
gemma,planner_executor,164,False,True,True,True,21066,0.00299208,78.1394,hard:valid_cost
gemma,planner_executor,165,True,True,True,True,15457,0.00287704,135.9653,
gemma,planner_executor,166,False,True,True,True,19699,0.0030748,138.2654,hard:valid_cost
gemma,planner_executor,167,False,True,True,True,18327,0.003271225,77.2578,commonsense:valid_transportation
gemma,planner_executor,168,True,True,True,True,15353,0.0023602700000000002,110.5578,
gemma,planner_executor,169,False,True,True,True,21390,0.00311044,103.1903,commonsense:valid_accommodation;hard:valid_room_rule
gemma,planner_executor,170,False,True,True,True,22265,0.00335214,107.4872,commonsense:valid_accommodation
gemma,planner_executor,171,False,True,True,True,20096,0.00309112,122.6889,commonsense:valid_info_current_city
gemma,planner_executor,172,False,True,True,True,16964,0.00260852,136.188,hard:valid_cost
gemma,planner_executor,173,True,True,True,True,15708,0.00249656,188.7667,
gemma,planner_executor,174,True,True,True,True,16059,0.00236867,60.7572,
gemma,planner_executor,175,True,True,True,True,17946,0.00273458,119.4938,
gemma,planner_executor,176,False,True,True,True,18754,0.00269727,101.8367,commonsense:valid_accommodation;hard:valid_cuisine
gemma,planner_executor,177,False,True,True,True,19667,0.003323075,111.0396,commonsense:valid_transportation
gemma,planner_executor,178,False,True,True,True,21716,0.00305708,57.7359,commonsense:valid_accommodation
gemma,planner_executor,179,False,True,True,True,19439,0.00337328,48.4198,commonsense:valid_transportation;hard:valid_cost
gemma,solo_cot,1,True,True,True,True,5389,0.001034075,101.7372,
gemma,solo_cot,2,True,True,True,True,5649,0.00080562,88.3975,
gemma,solo_cot,3,True,True,True,True,4376,0.00063638,59.7623,
gemma,solo_cot,4,True,True,True,True,5852,0.00089676,88.5394,
gemma,solo_cot,5,False,True,True,True,5366,0.00077383,45.6646,hard:valid_cost
gemma,solo_cot,6,True,True,True,True,5375,0.0008188,53.5692,
gemma,solo_cot,7,True,True,True,True,5018,0.00072809,42.257,
gemma,solo_cot,8,True,True,True,True,4726,0.0007295,97.6393,
gemma,solo_cot,9,True,True,True,True,5826,0.00090066,43.951,
gemma,solo_cot,10,True,True,True,True,5692,0.0008572,71.9525,
gemma,solo_cot,11,True,True,True,True,4366,0.00063183,46.2936,
gemma,solo_cot,12,True,True,True,True,4868,0.00075978,67.0161,
gemma,solo_cot,13,True,True,True,True,5403,0.00082298,54.4963,
gemma,solo_cot,14,True,True,True,True,6233,0.00087729,33.3632,
gemma,solo_cot,15,True,True,True,True,4988,0.0007719,44.8647,
gemma,solo_cot,16,True,True,True,True,6099,0.0013104,86.1119,
gemma,solo_cot,17,False,True,True,True,5824,0.00082537,47.246,hard:valid_cost
gemma,solo_cot,18,True,True,True,True,6499,0.00092137,51.3036,
gemma,solo_cot,19,False,True,True,True,6223,0.00087599,55.5107,hard:valid_cost
gemma,solo_cot,20,False,True,True,True,8864,0.0019135,60.2788,commonsense:valid_transportation
gemma,solo_cot,21,False,True,True,True,7684,0.00111567,105.4108,hard:valid_cost
gemma,solo_cot,22,True,True,True,True,8477,0.00130716,64.6999,
gemma,solo_cot,23,True,True,True,True,7889,0.00114157,69.5968,
gemma,solo_cot,24,True,True,True,True,7609,0.0011911,92.7579,
gemma,solo_cot,25,True,True,True,True,8533,0.00123254,146.497,
gemma,solo_cot,26,True,True,True,True,7567,0.00110521,56.2901,
gemma,solo_cot,27,True,True,True,True,7594,0.00110572,45.1125,
gemma,solo_cot,28,True,True,True,True,6918,0.00108552,53.1168,
gemma,solo_cot,29,True,True,True,True,6715,0.00107166,39.9092,
gemma,solo_cot,30,True,True,True,True,7714,0.0016856,133.7451,
gemma,solo_cot,31,False,True,True,True,7683,0.00119886,117.9817,commonsense:valid_info_sandbox
gemma,solo_cot,32,True,True,True,True,8375,0.001612525,32.1631,
gemma,solo_cot,33,True,True,True,True,7608,0.0011816,114.5109,
gemma,solo_cot,34,True,True,True,True,8024,0.00116462,59.8483,
gemma,solo_cot,35,True,True,True,True,8672,0.00124536,84.8265,
gemma,solo_cot,36,False,True,True,True,8707,0.00133182,59.288,commonsense:valid_transportation
gemma,solo_cot,37,False,True,True,True,7483,0.0014522,65.7316,commonsense:valid_transportation
gemma,solo_cot,38,True,True,True,True,8553,0.00122914,50.6908,
gemma,solo_cot,39,True,True,True,True,8126,0.00117563,63.3258,
gemma,solo_cot,40,False,True,True,True,10014,0.00157642,148.1564,hard:valid_cost
gemma,solo_cot,41,True,True,True,True,10975,0.00170186,61.73,
gemma,solo_cot,42,False,True,True,True,10741,0.00156158,93.2661,commonsense:valid_transportation
gemma,solo_cot,43,False,True,True,True,9870,0.00154898,181.0492,hard:valid_cost
gemma,solo_cot,44,True,True,True,True,9890,0.00144695,67.5762,
gemma,solo_cot,45,True,True,True,True,10632,0.00165878,92.9281,
gemma,solo_cot,46,False,True,True,True,11311,0.00174396,168.5833,commonsense:valid_transportation
gemma,solo_cot,47,True,True,True,True,10011,0.00157522,299.229,
gemma,solo_cot,48,True,True,True,True,10086,0.00159248,171.1664,
gemma,solo_cot,49,True,True,True,True,11348,0.00175538,138.1587,
gemma,solo_cot,50,True,True,True,True,10419,0.0020544,48.7665,
gemma,solo_cot,51,True,True,True,True,10246,0.0022805,68.5551,
gemma,solo_cot,52,True,True,True,True,10603,0.0016503,62.9343,
gemma,solo_cot,53,True,True,True,True,11164,0.00173274,103.2302,
gemma,solo_cot,54,False,True,True,True,10633,0.00166698,132.7428,commonsense:valid_transportation
gemma,solo_cot,55,False,True,True,True,12003,0.00171414,66.7722,commonsense:valid_transportation
gemma,solo_cot,56,False,True,True,True,10779,0.00156302,64.3747,commonsense:valid_transportation;hard:valid_cost
gemma,solo_cot,57,True,True,True,True,10867,0.00168934,81.0311,
gemma,solo_cot,58,False,True,True,True,9770,0.0015459,96.2961,commonsense:valid_info_current_city
gemma,solo_cot,59,True,True,True,True,10615,0.0015407,87.6846,
gemma,solo_cot,60,True,True,True,True,4528,0.00069528,68.1343,
gemma,solo_cot,61,True,True,True,True,5250,0.00081196,47.2023,
gemma,solo_cot,62,True,True,True,True,5318,0.0011557,105.6937,
gemma,solo_cot,63,True,True,True,True,5939,0.00089932,90.0323,
gemma,solo_cot,64,True,True,True,True,6020,0.00091248,101.537,
gemma,solo_cot,65,True,True,True,True,4217,0.0006585,53.7096,
gemma,solo_cot,66,True,True,True,True,5835,0.0008949,88.8068,
gemma,solo_cot,67,True,True,True,True,4167,0.0008264,35.8439,
gemma,solo_cot,68,True,True,True,True,5170,0.00079556,73.5449,
gemma,solo_cot,69,False,True,True,True,4406,0.00064028,60.8199,hard:valid_cuisine
gemma,solo_cot,70,True,True,True,True,4615,0.00066595,77.7803,
gemma,solo_cot,71,True,True,True,True,5091,0.00078658,45.0466,
gemma,solo_cot,72,True,True,True,True,5091,0.00073258,43.2638,
gemma,solo_cot,73,True,True,True,True,5197,0.00081416,40.9929,
gemma,solo_cot,74,False,True,True,True,5889,0.0011258,41.9571,hard:valid_cost
gemma,solo_cot,75,True,True,True,True,5426,0.0008301,88.3464,
gemma,solo_cot,76,True,True,True,True,4524,0.000885625,32.659,
gemma,solo_cot,77,False,True,True,True,5675,0.0012178,115.8076,hard:valid_cost;hard:valid_room_type
gemma,solo_cot,78,True,True,True,True,5238,0.00080742,40.3107,
gemma,solo_cot,79,False,True,True,True,5555,0.0008479,74.5085,hard:valid_cost
gemma,solo_cot,80,True,True,True,True,7714,0.0016868,82.3403,
gemma,solo_cot,81,False,True,True,True,8845,0.00134698,61.3657,commonsense:valid_transportation
gemma,solo_cot,82,True,True,True,True,7804,0.0017039,151.5768,
gemma,solo_cot,83,False,True,True,True,8358,0.00129856,45.0117,hard:valid_room_type
gemma,solo_cot,84,False,True,True,True,9591,0.00182825,23.6237,commonsense:valid_transportation
gemma,solo_cot,85,False,True,True,True,7614,0.0016596,110.7324,hard:valid_room_type
gemma,solo_cot,86,True,True,True,True,8502,0.0018486,103.445,
gemma,solo_cot,87,True,True,True,True,7859,0.00122714,58.8208,
gemma,solo_cot,88,False,True,True,True,8804,0.00134332,106.5726,commonsense:valid_transportation;commonsense:valid_accommodation
gemma,solo_cot,89,False,True,True,True,8252,0.0017947,30.3228,commonsense:valid_accommodation;hard:valid_room_type
gemma,solo_cot,90,False,True,True,True,7943,0.00124046,56.7683,commonsense:valid_accommodation;hard:valid_room_type
gemma,solo_cot,91,False,True,True,True,9127,0.00175745,40.5288,commonsense:valid_accommodation
gemma,solo_cot,92,True,True,True,True,7768,0.00120244,84.6838,
gemma,solo_cot,93,False,True,True,True,7965,0.0017241,42.6135,commonsense:valid_restaurants;commonsense:valid_transportation
gemma,solo_cot,94,False,True,True,True,7501,0.00117338,70.4823,hard:valid_cost
gemma,solo_cot,95,False,True,True,True,7630,0.0011865,41.3816,commonsense:valid_info_sandbox
gemma,solo_cot,96,False,True,True,True,7755,0.00120374,596.3728,commonsense:valid_info_sandbox
gemma,solo_cot,97,False,True,True,True,8047,0.0017636,230.957,commonsense:valid_accommodation
gemma,solo_cot,98,True,True,True,True,7760,0.00120756,36.0896,
gemma,solo_cot,99,False,True,True,True,7415,0.00114916,33.903,commonsense:valid_accommodation;hard:valid_room_type
gemma,solo_cot,100,True,True,True,True,9424,0.0020879,42.7417,
gemma,solo_cot,101,False,True,True,True,9217,0.0020474,57.0184,hard:valid_cost
gemma,solo_cot,102,True,True,True,True,9558,0.00151648,180.0753,
gemma,solo_cot,103,True,True,True,True,9170,0.00147126,41.5362,
gemma,solo_cot,104,False,True,True,True,9939,0.00155734,122.549,commonsense:valid_info_sandbox
gemma,solo_cot,105,True,True,True,True,9960,0.00156964,74.983,
gemma,solo_cot,106,False,True,True,True,9780,0.0019312,52.271,commonsense:valid_accommodation
gemma,solo_cot,107,False,True,True,True,10291,0.00161884,79.2261,hard:valid_room_rule
gemma,solo_cot,108,True,True,True,True,10707,0.0023256,37.4652,
gemma,solo_cot,109,False,True,True,True,11299,0.0024539,41.6359,commonsense:valid_transportation
gemma,solo_cot,110,True,True,True,True,9945,0.00194675,31.9827,
gemma,solo_cot,111,True,True,True,True,10408,0.00152629,76.8384,
gemma,solo_cot,112,False,True,True,True,9756,0.001937075,36.4726,commonsense:valid_accommodation
gemma,solo_cot,113,False,True,True,True,10887,0.0017041,84.009,commonsense:valid_accommodation
gemma,solo_cot,114,False,True,True,True,11398,0.00162949,46.5786,commonsense:valid_transportation
gemma,solo_cot,115,False,True,True,True,10539,0.0020676,36.0851,commonsense:valid_accommodation;hard:valid_room_rule
gemma,solo_cot,116,False,True,True,True,10925,0.0016972,46.1087,commonsense:valid_accommodation
gemma,solo_cot,117,True,True,True,True,9491,0.00139933,53.3636,
gemma,solo_cot,118,False,True,True,True,10108,0.00148229,54.9472,commonsense:valid_accommodation
gemma,solo_cot,119,False,True,True,True,9888,0.0021891,40.8755,commonsense:valid_transportation;commonsense:valid_accommodation
gemma,solo_cot,120,False,True,True,True,4338,0.00063594,42.7568,hard:valid_cuisine
gemma,solo_cot,121,True,True,True,True,5210,0.00079908,28.3538,
gemma,solo_cot,122,False,True,True,True,5437,0.001038575,28.8431,hard:valid_cost
gemma,solo_cot,123,True,True,True,True,5570,0.00084896,59.15,
gemma,solo_cot,124,False,True,True,True,6427,0.00090376,47.2941,hard:valid_cuisine
gemma,solo_cot,125,False,True,True,True,5020,0.000959425,26.0167,hard:valid_cost
gemma,solo_cot,126,True,True,True,True,5041,0.0007801,28.1371,
gemma,solo_cot,127,False,True,True,True,5857,0.00083091,38.9162,hard:valid_cost
gemma,solo_cot,128,False,True,True,True,5056,0.0010952,206.7486,hard:valid_cost
gemma,solo_cot,129,False,True,True,True,4782,0.00068391,40.0579,hard:valid_cost;hard:valid_cuisine
gemma,solo_cot,130,False,True,True,True,6166,0.00092876,32.1575,hard:valid_cost;hard:valid_cuisine
gemma,solo_cot,131,False,True,True,True,6033,0.00085379,29.0117,hard:valid_cost;hard:valid_cuisine
gemma,solo_cot,132,True,True,True,True,5951,0.0009088,50.5374,
gemma,solo_cot,133,True,True,True,True,5849,0.00110775,21.3739,
gemma,solo_cot,134,True,True,True,True,5798,0.00087412,30.5906,
gemma,solo_cot,135,False,True,True,True,6146,0.00093064,25.1512,hard:valid_cuisine
gemma,solo_cot,136,True,True,True,True,5342,0.00080902,33.0461,
gemma,solo_cot,137,False,True,True,True,5109,0.00073117,31.1492,hard:valid_cuisine
gemma,solo_cot,138,True,True,True,True,5067,0.00072921,39.6286,
gemma,solo_cot,139,False,True,True,True,6371,0.00096084,51.6713,hard:valid_cost;hard:valid_cuisine
gemma,solo_cot,140,False,True,True,True,8502,0.0018294,32.3085,commonsense:valid_transportation;hard:valid_cost
gemma,solo_cot,141,False,True,True,True,8732,0.00134338,40.4661,commonsense:valid_transportation
gemma,solo_cot,142,False,True,True,True,8572,0.00121611,84.6031,commonsense:valid_accommodation
gemma,solo_cot,143,False,True,True,True,6526,0.0014564,106.802,hard:valid_cost
gemma,solo_cot,144,False,True,True,True,6080,0.001225525,33.7,hard:valid_cost
gemma,solo_cot,145,True,True,True,True,7222,0.0014374,32.4801,
gemma,solo_cot,146,False,True,True,True,7202,0.00112398,47.4963,commonsense:valid_accommodation;hard:valid_cost
gemma,solo_cot,147,False,True,True,True,6808,0.00106908,50.1575,hard:valid_cost
gemma,solo_cot,148,True,True,True,True,6166,0.00092483,52.1266,
gemma,solo_cot,149,False,True,True,True,7657,0.00111466,49.1979,hard:valid_cost;hard:valid_cuisine
gemma,solo_cot,150,True,True,True,True,8494,0.00131682,36.282,
gemma,solo_cot,151,True,True,True,True,6965,0.00109656,32.7548,
gemma,solo_cot,152,False,True,True,True,7919,0.00113872,58.7516,commonsense:valid_accommodation
gemma,solo_cot,153,False,True,True,True,8764,0.00125382,41.294,hard:valid_cost
gemma,solo_cot,154,True,True,True,True,7307,0.00114778,33.187,
gemma,solo_cot,155,False,True,True,True,7283,0.001588,119.3208,hard:valid_cost
gemma,solo_cot,156,True,True,True,True,7611,0.0016581,57.6603,
gemma,solo_cot,157,True,True,True,True,9097,0.001727175,30.152,
gemma,solo_cot,158,True,True,True,True,8728,0.0018932,66.7645,
gemma,solo_cot,159,False,True,True,True,5971,0.001200925,28.7332,hard:valid_cost
gemma,solo_cot,160,True,True,True,True,9044,0.00144088,58.9886,
gemma,solo_cot,161,True,True,True,True,9358,0.00146846,41.2047,
gemma,solo_cot,162,True,True,True,True,10087,0.0022121,64.6386,
gemma,solo_cot,163,False,True,True,True,8705,0.0013994,32.2437,hard:valid_cost
gemma,solo_cot,164,False,True,True,True,11173,0.00173244,48.9195,hard:valid_cost
gemma,solo_cot,165,True,True,True,True,8368,0.00135616,34.2199,
gemma,solo_cot,166,False,True,True,True,10478,0.00154839,47.9217,hard:valid_room_type
gemma,solo_cot,167,True,True,True,True,9762,0.00143931,44.7213,
gemma,solo_cot,168,True,True,True,True,8314,0.00133612,33.5467,
gemma,solo_cot,169,False,True,True,True,11324,0.0024373,24.0106,commonsense:valid_accommodation;hard:valid_room_rule
gemma,solo_cot,170,False,True,True,True,11769,0.0025245,24.4818,commonsense:valid_accommodation
gemma,solo_cot,171,True,True,True,True,10671,0.00155323,52.6846,
gemma,solo_cot,172,False,True,True,True,9005,0.00144452,41.8231,hard:valid_cost
gemma,solo_cot,173,True,True,True,True,8456,0.00126853,56.7683,
gemma,solo_cot,174,True,True,True,True,8659,0.00139322,31.3285,
gemma,solo_cot,175,True,True,True,True,9473,0.00149366,35.1706,
gemma,solo_cot,176,False,True,True,True,10006,0.001963275,22.1914,commonsense:valid_accommodation;hard:valid_cuisine
gemma,solo_cot,177,True,True,True,True,10517,0.00152321,39.7418,
gemma,solo_cot,178,False,True,True,True,11503,0.0017659,39.232,hard:valid_room_type
gemma,solo_cot,179,False,True,True,True,10395,0.00161286,38.9911,commonsense:valid_info_sandbox;commonsense:valid_transportation
gemma,solo_direct,0,True,True,True,True,5747,0.00088206,98.5117,
gemma,solo_direct,1,True,True,True,True,5346,0.00076123,78.7344,
gemma,solo_direct,2,True,True,True,True,5635,0.00086664,80.6811,
gemma,solo_direct,3,True,True,True,True,4357,0.00063616,112.9966,
gemma,solo_direct,4,True,True,True,True,5829,0.00089484,114.095,
gemma,solo_direct,5,False,True,True,True,5338,0.00082662,60.4308,hard:valid_cost
gemma,solo_direct,6,True,True,True,True,5346,0.00075848,64.0987,
gemma,solo_direct,7,True,True,True,True,4978,0.00071989,66.63,
gemma,solo_direct,8,True,True,True,True,4675,0.00066725,51.2521,
gemma,solo_direct,9,True,True,True,True,5781,0.00088994,88.2138,
gemma,solo_direct,10,True,True,True,True,5664,0.0012024,57.3926,
gemma,solo_direct,11,True,True,True,True,4338,0.00067414,61.7299,
gemma,solo_direct,12,True,True,True,True,4810,0.00074386,74.1124,
gemma,solo_direct,13,True,True,True,True,5414,0.0011713,60.5533,
gemma,solo_direct,14,True,True,True,True,6205,0.00093838,50.702,
gemma,solo_direct,15,True,True,True,True,4969,0.0010814,46.035,
gemma,solo_direct,16,True,True,True,True,6090,0.00087195,63.2504,
gemma,solo_direct,17,False,True,True,True,5788,0.00087922,61.6956,hard:valid_cost
gemma,solo_direct,18,True,True,True,True,6471,0.0009855,94.0874,
gemma,solo_direct,19,False,True,True,True,6179,0.00093058,103.1181,hard:valid_cost
gemma,solo_direct,20,True,True,True,True,8859,0.0019194,92.8941,
gemma,solo_direct,21,False,True,True,True,7650,0.00110975,104.3659,hard:valid_cost
gemma,solo_direct,22,True,True,True,True,8456,0.00121678,90.2337,
gemma,solo_direct,23,True,True,True,True,7866,0.00122318,122.3912,
gemma,solo_direct,24,True,True,True,True,7568,0.00110159,78.2321,
gemma,solo_direct,25,True,True,True,True,8498,0.00131608,114.0508,
gemma,solo_direct,26,True,True,True,True,7518,0.00109359,110.8885,
gemma,solo_direct,27,True,True,True,True,7567,0.00118288,121.2889,
gemma,solo_direct,28,True,True,True,True,6890,0.0010816,87.6033,
gemma,solo_direct,29,True,True,True,True,6687,0.00106774,116.3943,
gemma,solo_direct,30,True,True,True,True,7686,0.00168,66.3161,
gemma,solo_direct,31,False,True,True,True,7633,0.00118614,101.5137,commonsense:valid_info_sandbox
gemma,solo_direct,32,True,True,True,True,8343,0.00119659,77.091,
gemma,solo_direct,33,True,True,True,True,7580,0.0016504,81.3097,
gemma,solo_direct,34,True,True,True,True,7980,0.0012394,211.7073,
gemma,solo_direct,35,True,True,True,True,8639,0.00123982,114.0037,
gemma,solo_direct,36,True,True,True,True,8703,0.001878,94.3535,
gemma,solo_direct,37,False,True,True,True,7455,0.00115784,170.181,commonsense:valid_transportation
gemma,solo_direct,38,True,True,True,True,8525,0.0018457,93.4345,
gemma,solo_direct,39,True,True,True,True,8098,0.00117199,175.838,
gemma,solo_direct,40,False,True,True,True,9986,0.0015725,105.07,hard:valid_cost
gemma,solo_direct,41,True,True,True,True,10947,0.00158211,158.3883,
gemma,solo_direct,42,False,True,True,True,10713,0.00155794,96.9286,commonsense:valid_transportation
gemma,solo_direct,43,False,True,True,True,9842,0.00154506,73.1002,hard:valid_cost
gemma,solo_direct,44,True,True,True,True,9864,0.00144407,142.3999,
gemma,solo_direct,45,True,True,True,True,10589,0.00153657,176.3983,
gemma,solo_direct,46,True,True,True,True,11323,0.0024617,132.1079,
gemma,solo_direct,47,True,True,True,True,9986,0.00146593,126.8383,
gemma,solo_direct,48,True,True,True,True,10058,0.00148104,159.5446,
gemma,solo_direct,49,True,True,True,True,11306,0.0024493,114.2519,
gemma,solo_direct,50,True,True,True,True,10369,0.00152022,151.9769,
gemma,solo_direct,51,True,True,True,True,10218,0.00152109,99.323,
gemma,solo_direct,52,True,True,True,True,10575,0.00164638,118.0804,
gemma,solo_direct,53,True,True,True,True,11120,0.00160485,100.3135,
gemma,solo_direct,54,False,True,True,True,10605,0.00166306,129.3705,commonsense:valid_transportation
gemma,solo_direct,55,False,True,True,True,11975,0.0018364,107.1597,commonsense:valid_transportation
gemma,solo_direct,56,False,True,True,True,10751,0.00155938,110.7103,commonsense:valid_transportation;hard:valid_cost
gemma,solo_direct,57,True,True,True,True,10842,0.00157171,95.8373,
gemma,solo_direct,58,False,True,True,True,9729,0.0021474,58.9713,commonsense:valid_info_current_city
gemma,solo_direct,59,True,True,True,True,10587,0.00153706,59.9417,
gemma,solo_direct,60,True,True,True,True,4501,0.00069176,54.0812,
gemma,solo_direct,61,True,True,True,True,5246,0.00081764,148.2056,
gemma,solo_direct,63,True,True,True,True,5934,0.00084242,158.141,
gemma,solo_direct,64,True,True,True,True,6019,0.00085622,128.7056,
gemma,solo_direct,65,True,True,True,True,4176,0.00064938,82.765,
gemma,solo_direct,66,True,True,True,True,5799,0.00082687,167.7233,
gemma,solo_direct,67,True,True,True,True,4133,0.0009145,124.4806,
gemma,solo_direct,68,True,True,True,True,5164,0.0011222,121.5193,
gemma,solo_direct,69,False,True,True,True,4366,0.00067832,119.993,hard:valid_cuisine
gemma,solo_direct,70,True,True,True,True,4582,0.00070882,108.4382,
gemma,solo_direct,71,True,True,True,True,5063,0.0010978,79.9769,
gemma,solo_direct,72,True,True,True,True,5063,0.0010975,90.7541,
gemma,solo_direct,73,True,True,True,True,5136,0.0011172,116.6302,
gemma,solo_direct,74,False,True,True,True,5861,0.0012601,89.8682,hard:valid_cost
gemma,solo_direct,75,True,True,True,True,5411,0.0011674,49.156,
gemma,solo_direct,76,True,True,True,True,4489,0.0009824,50.1896,
gemma,solo_direct,77,False,True,True,True,5666,0.0012217,45.0183,hard:valid_cost;hard:valid_room_type
gemma,solo_direct,78,True,True,True,True,5210,0.0011275,51.7945,
gemma,solo_direct,79,False,True,True,True,5526,0.0011859,39.5893,hard:valid_cost
gemma,solo_direct,80,True,True,True,True,7700,0.0016882,59.0335,
gemma,solo_direct,81,False,True,True,True,8818,0.00134346,67.0734,commonsense:valid_transportation
gemma,solo_direct,82,True,True,True,True,7746,0.0016833,50.5884,
gemma,solo_direct,83,False,True,True,True,8329,0.0018137,249.3806,hard:valid_room_type
gemma,solo_direct,84,False,True,True,True,9532,0.0020354,43.5439,commonsense:valid_transportation
gemma,solo_direct,85,False,True,True,True,7580,0.001651,91.3628,hard:valid_room_type
gemma,solo_direct,86,True,True,True,True,8472,0.001842,40.512,
gemma,solo_direct,87,True,True,True,True,7822,0.00121962,78.9881,
gemma,solo_direct,88,False,True,True,True,8812,0.001901,80.697,commonsense:valid_accommodation
gemma,solo_direct,89,False,True,True,True,8224,0.0017891,60.557,commonsense:valid_accommodation;hard:valid_room_type
gemma,solo_direct,90,False,True,True,True,7915,0.00123654,92.1801,commonsense:valid_accommodation;hard:valid_room_type
gemma,solo_direct,91,False,True,True,True,9101,0.0019687,128.5229,commonsense:valid_accommodation
gemma,solo_direct,92,True,True,True,True,7709,0.0016738,30.0264,
gemma,solo_direct,93,False,True,True,True,7920,0.00171,39.5007,commonsense:valid_restaurants;commonsense:valid_transportation
gemma,solo_direct,94,False,True,True,True,7504,0.00118186,109.7105,hard:valid_cost
gemma,solo_direct,95,False,True,True,True,7602,0.0016569,43.0389,commonsense:valid_info_sandbox
gemma,solo_direct,96,False,True,True,True,7712,0.00119382,67.7969,commonsense:valid_info_sandbox
gemma,solo_direct,97,False,True,True,True,8003,0.00175,34.6528,commonsense:valid_accommodation
gemma,solo_direct,98,True,True,True,True,7719,0.00119844,82.2988,
gemma,solo_direct,99,False,True,True,True,7378,0.0016088,27.4708,hard:valid_cost;hard:valid_room_type
gemma,solo_direct,100,True,True,True,True,9396,0.00149146,114.4368,
gemma,solo_direct,101,False,True,True,True,9192,0.0020433,46.9188,hard:valid_cost
gemma,solo_direct,102,True,True,True,True,9506,0.00150296,136.9521,
gemma,solo_direct,103,True,True,True,True,9142,0.00136871,61.7722,
gemma,solo_direct,104,False,True,True,True,9912,0.00144831,49.161,commonsense:valid_info_sandbox
gemma,solo_direct,105,False,True,True,True,9918,0.0021816,42.3204,commonsense:valid_restaurants
gemma,solo_direct,106,False,True,True,True,9752,0.00154104,138.8668,commonsense:valid_accommodation
gemma,solo_direct,107,False,True,True,True,10260,0.0015043,45.8509,hard:valid_room_rule
gemma,solo_direct,108,True,True,True,True,10674,0.0016527,96.6194,
gemma,solo_direct,109,False,True,True,True,11269,0.0024473,39.2967,commonsense:valid_transportation
gemma,solo_direct,110,True,True,True,True,9917,0.00155348,68.5118,
gemma,solo_direct,111,True,True,True,True,10379,0.0022834,80.3021,
gemma,solo_direct,112,False,True,True,True,9726,0.0021567,98.5078,commonsense:valid_accommodation
gemma,solo_direct,113,False,True,True,True,10839,0.00169218,106.9183,commonsense:valid_accommodation
gemma,solo_direct,114,False,True,True,True,11384,0.0024583,37.7068,commonsense:valid_transportation
gemma,solo_direct,115,False,True,True,True,10530,0.00165776,157.3005,commonsense:valid_accommodation;hard:valid_room_rule
gemma,solo_direct,116,False,True,True,True,11049,0.0024489,37.2739,commonsense:valid_accommodation
gemma,solo_direct,117,True,True,True,True,9455,0.0020872,66.1982,
gemma,solo_direct,118,False,True,True,True,10078,0.0022169,38.1541,commonsense:valid_accommodation
gemma,solo_direct,119,False,True,True,True,9843,0.002175,36.4738,commonsense:valid_transportation
gemma,solo_direct,120,False,True,True,True,4317,0.00068108,56.5259,hard:valid_cuisine
gemma,solo_direct,121,True,True,True,True,5178,0.0011148,32.4945,
gemma,solo_direct,122,False,True,True,True,5403,0.0011592,71.3884,hard:valid_cost
gemma,solo_direct,123,False,True,True,True,5548,0.00084744,57.8282,hard:valid_cost
gemma,solo_direct,124,False,True,True,True,6397,0.00089936,56.6973,hard:valid_cuisine
gemma,solo_direct,125,False,True,True,True,4992,0.0010731,55.7277,hard:valid_cost
gemma,solo_direct,126,True,True,True,True,5018,0.00072509,61.1859,
gemma,solo_direct,127,False,True,True,True,5806,0.00087914,47.1118,hard:valid_cost
gemma,solo_direct,128,False,True,True,True,5028,0.00077672,166.9893,hard:valid_cost
gemma,solo_direct,129,False,True,True,True,4754,0.00068027,94.2972,hard:valid_cost;hard:valid_cuisine
gemma,solo_direct,130,False,True,True,True,6136,0.0013022,95.1882,hard:valid_cuisine
gemma,solo_direct,131,False,True,True,True,5992,0.00090778,155.2796,hard:valid_cost;hard:valid_cuisine
gemma,solo_direct,132,True,True,True,True,5898,0.00084049,247.1487,
gemma,solo_direct,133,True,True,True,True,5803,0.00081464,109.5107,
gemma,solo_direct,134,True,True,True,True,5775,0.00109025,126.7374,
gemma,solo_direct,135,False,True,True,True,6118,0.00086284,51.9172,hard:valid_cuisine
gemma,solo_direct,136,True,True,True,True,5328,0.00081742,62.9988,
gemma,solo_direct,137,False,True,True,True,5096,0.000983775,58.4627,hard:valid_cuisine
gemma,solo_direct,138,True,True,True,True,5039,0.0010924,42.3305,
gemma,solo_direct,139,False,True,True,True,6354,0.00089502,53.9189,hard:valid_cost;hard:valid_cuisine
gemma,solo_direct,140,True,True,True,True,8493,0.00121634,91.436,
gemma,solo_direct,141,False,True,True,True,8691,0.00124283,73.9626,commonsense:valid_transportation
gemma,solo_direct,142,False,True,True,True,8576,0.001643475,52.8162,commonsense:valid_accommodation;hard:valid_room_type
gemma,solo_direct,143,False,True,True,True,6479,0.0014413,102.6148,hard:valid_cost
gemma,solo_direct,144,False,True,True,True,6052,0.0009765,64.7605,hard:valid_cost
gemma,solo_direct,145,False,True,True,True,7140,0.0010482,69.5864,commonsense:not_absent
gemma,solo_direct,146,False,True,True,True,7174,0.00104387,65.234,commonsense:valid_accommodation;hard:valid_cost
gemma,solo_direct,147,False,True,True,True,6777,0.00106396,75.1349,hard:valid_cost
gemma,solo_direct,148,True,True,True,True,6128,0.0009835,64.1033,
gemma,solo_direct,149,False,True,True,True,7631,0.00111178,67.0684,hard:valid_cost;hard:valid_cuisine
gemma,solo_direct,150,True,True,True,True,8434,0.0018245,144.2919,
gemma,solo_direct,151,True,True,True,True,6937,0.00102506,145.4779,
gemma,solo_direct,152,False,True,True,True,7890,0.0017088,91.7898,commonsense:valid_accommodation
gemma,solo_direct,153,False,True,True,True,8737,0.00134252,209.0825,hard:valid_cost
gemma,solo_direct,154,True,True,True,True,7279,0.00114386,96.0665,
gemma,solo_direct,155,False,True,True,True,7269,0.00105797,56.2809,hard:valid_cost
gemma,solo_direct,156,True,True,True,True,7588,0.00110094,70.2569,
gemma,solo_direct,157,True,True,True,True,9069,0.00137782,83.2586,
gemma,solo_direct,158,True,True,True,True,8681,0.00124678,76.4809,
gemma,solo_direct,159,False,True,True,True,5943,0.00095682,77.5673,hard:valid_cost
gemma,solo_direct,160,True,True,True,True,9014,0.00143616,80.7326,
gemma,solo_direct,161,True,True,True,True,9330,0.00146454,191.1805,
gemma,solo_direct,162,True,True,True,True,10086,0.0015878,67.3698,
gemma,solo_direct,163,False,True,True,True,8677,0.00139548,263.5273,hard:valid_cost
gemma,solo_direct,164,False,True,True,True,11145,0.0016106,76.2624,hard:valid_cost
gemma,solo_direct,165,True,True,True,True,8334,0.00126592,73.9402,
gemma,solo_direct,166,False,True,True,True,10471,0.0016651,84.7609,hard:valid_cost
gemma,solo_direct,167,True,True,True,True,9734,0.00153982,77.6535,
gemma,solo_direct,168,True,True,True,True,8287,0.00124956,117.3122,
gemma,solo_direct,169,False,True,True,True,11301,0.002166175,88.8924,commonsense:valid_accommodation;hard:valid_room_rule
gemma,solo_direct,170,False,True,True,True,11754,0.00167352,97.1113,commonsense:valid_accommodation
gemma,solo_direct,171,True,True,True,True,10644,0.002078825,52.3667,
gemma,solo_direct,172,False,True,True,True,8978,0.00134414,78.1192,hard:valid_cost
gemma,solo_direct,173,True,True,True,True,8530,0.00139674,94.3064,
gemma,solo_direct,174,True,True,True,True,8631,0.0013893,90.0445,
gemma,solo_direct,175,True,True,True,True,9452,0.00139151,49.8306,
gemma,solo_direct,176,False,True,True,True,9980,0.0015675,140.1576,commonsense:valid_accommodation;hard:valid_cuisine
gemma,solo_direct,177,True,True,True,True,10502,0.00152451,75.5067,
gemma,solo_direct,178,False,True,True,True,11477,0.00164201,131.7287,hard:valid_room_type
gemma,solo_direct,179,False,True,True,True,10385,0.00150605,104.7198,commonsense:valid_info_sandbox
gemma,solo_self_refine,0,True,True,True,True,5750,0.0012358,56.0985,
gemma,solo_self_refine,1,True,True,True,True,5374,0.0010308,24.306,
gemma,solo_self_refine,2,True,True,True,True,5594,0.00078797,34.3299,
gemma,solo_self_refine,3,True,True,True,True,4372,0.00063811,29.6306,
gemma,solo_self_refine,4,True,True,True,True,5842,0.00089614,23.6534,
gemma,solo_self_refine,5,True,True,True,True,5352,0.0011616,25.3926,
gemma,solo_self_refine,6,True,True,True,True,5361,0.00080986,25.2016,
gemma,solo_self_refine,7,True,True,True,True,5011,0.00078188,25.4549,
gemma,solo_self_refine,8,True,True,True,True,4728,0.00068364,45.9995,
gemma,solo_self_refine,9,True,True,True,True,5796,0.00089204,30.6007,
gemma,solo_self_refine,10,True,True,True,True,5690,0.00085978,36.3442,
gemma,solo_self_refine,11,True,True,True,True,4353,0.0008453,22.8038,
gemma,solo_self_refine,12,True,True,True,True,4833,0.00074916,23.3716,
gemma,solo_self_refine,13,True,True,True,True,5390,0.00081444,27.1988,
gemma,solo_self_refine,14,True,True,True,True,6220,0.00094048,27.7014,
gemma,solo_self_refine,15,True,True,True,True,4977,0.0010809,25.8705,
gemma,solo_self_refine,16,True,True,True,True,6086,0.0013078,56.2524,
gemma,solo_self_refine,17,False,True,True,True,12522,0.00178136,45.393,hard:valid_cost
gemma,solo_self_refine,18,True,True,True,True,6486,0.00091968,42.019,
gemma,solo_self_refine,19,False,True,True,True,13307,0.0018800599999999998,63.5071,hard:valid_cost
gemma,solo_self_refine,20,True,True,True,True,8881,0.00137308,41.6499,
gemma,solo_self_refine,21,False,True,True,True,16629,0.00338512,96.6607,hard:valid_cost
gemma,solo_self_refine,22,True,True,True,True,8471,0.0018352,28.6586,
gemma,solo_self_refine,23,True,True,True,True,7881,0.00114178,35.6345,
gemma,solo_self_refine,24,True,True,True,True,7596,0.00118928,38.1553,
gemma,solo_self_refine,25,True,True,True,True,8518,0.00123009,29.2476,
gemma,solo_self_refine,26,True,True,True,True,7533,0.00109554,28.4905,
gemma,solo_self_refine,27,True,True,True,True,7581,0.001480725,27.43,
gemma,solo_self_refine,28,True,True,True,True,6905,0.001516,30.2652,
gemma,solo_self_refine,29,True,True,True,True,6710,0.0014962,29.8626,
gemma,solo_self_refine,30,True,True,True,True,7699,0.0012011,37.9954,
gemma,solo_self_refine,31,False,True,True,True,16675,0.0030663800000000005,59.2504,commonsense:valid_transportation
gemma,solo_self_refine,32,True,True,True,True,8328,0.00118714,26.9185,
gemma,solo_self_refine,33,True,True,True,True,7602,0.00118258,32.8765,
gemma,solo_self_refine,34,True,True,True,True,8009,0.00124038,28.7062,
gemma,solo_self_refine,35,False,True,True,True,18513,0.00273634,139.4078,commonsense:valid_transportation
gemma,solo_self_refine,36,True,True,True,True,8717,0.00124746,43.9107,
gemma,solo_self_refine,37,True,True,True,True,16238,0.00234294,124.0607,
gemma,solo_self_refine,38,True,True,True,True,8543,0.00131874,41.8366,
gemma,solo_self_refine,39,True,True,True,True,8113,0.0017657,80.0253,
gemma,solo_self_refine,40,False,True,True,True,21752,0.0038229550000000003,79.0947,hard:valid_cost
gemma,solo_self_refine,41,True,True,True,True,10962,0.00158406,69.6424,
gemma,solo_self_refine,42,False,True,True,True,23186,0.00425907,63.964,commonsense:valid_transportation
gemma,solo_self_refine,43,False,True,True,True,21433,0.00324506,86.5738,hard:valid_cost
gemma,solo_self_refine,44,True,True,True,True,9877,0.0021689,45.1108,
gemma,solo_self_refine,45,True,True,True,True,10601,0.0020622,28.7285,
gemma,solo_self_refine,46,True,True,True,True,11338,0.00175814,42.575,
gemma,solo_self_refine,47,True,True,True,True,10001,0.00156788,38.1227,
gemma,solo_self_refine,48,True,True,True,True,10073,0.00159066,64.6279,
gemma,solo_self_refine,49,True,True,True,True,11321,0.00174796,63.6799,
gemma,solo_self_refine,50,True,True,True,True,10384,0.0016329,75.1432,
gemma,solo_self_refine,51,True,True,True,True,10233,0.00163308,67.2448,
gemma,solo_self_refine,52,True,True,True,True,10588,0.00164768,35.5715,
gemma,solo_self_refine,53,True,True,True,True,11121,0.00160148,50.3427,
gemma,solo_self_refine,54,True,True,True,True,10627,0.00155476,61.3938,
gemma,solo_self_refine,55,False,True,True,True,25617,0.0047606,68.959,commonsense:valid_transportation
gemma,solo_self_refine,56,False,True,True,True,23255,0.003997105000000001,83.0841,commonsense:valid_transportation;hard:valid_cost
gemma,solo_self_refine,57,True,True,True,True,10854,0.00168752,75.9224,
gemma,solo_self_refine,58,True,True,True,True,21405,0.00406034,176.0069,
gemma,solo_self_refine,59,True,True,True,True,10601,0.00153863,40.1232,
gemma,solo_self_refine,60,True,True,True,True,4516,0.00069386,26.2079,
gemma,solo_self_refine,61,True,True,True,True,5248,0.0011417,58.1506,
gemma,solo_self_refine,62,True,True,True,True,5305,0.00102815,37.7295,
gemma,solo_self_refine,63,True,True,True,True,5949,0.00084437,32.407,
gemma,solo_self_refine,64,True,True,True,True,5990,0.00090386,36.4527,
gemma,solo_self_refine,65,True,True,True,True,4193,0.00065228,43.0995,
gemma,solo_self_refine,66,True,True,True,True,5836,0.0012614,57.0586,
gemma,solo_self_refine,67,True,True,True,True,4148,0.0006569,33.8202,
gemma,solo_self_refine,68,True,True,True,True,5179,0.00074777,37.3069,
gemma,solo_self_refine,69,False,True,True,True,9707,0.001680825,84.8489,hard:valid_cuisine
gemma,solo_self_refine,70,True,True,True,True,4569,0.00069972,24.4949,
gemma,solo_self_refine,71,True,True,True,True,5078,0.00098095,24.4629,
gemma,solo_self_refine,72,True,True,True,True,5063,0.0007785,31.9933,
gemma,solo_self_refine,73,True,True,True,True,5174,0.001010425,24.057,
gemma,solo_self_refine,74,False,True,True,True,12677,0.00231898,69.3244,hard:valid_cost
gemma,solo_self_refine,75,True,True,True,True,5413,0.00077144,31.6922,
gemma,solo_self_refine,76,True,True,True,True,4505,0.00088035,24.4749,
gemma,solo_self_refine,77,False,True,True,True,12159,0.00177657,63.037,hard:valid_cost
gemma,solo_self_refine,78,True,True,True,True,5227,0.0008064,33.6647,
gemma,solo_self_refine,79,False,True,True,True,12002,0.00182511,56.6278,hard:valid_cost
gemma,solo_self_refine,80,True,True,True,True,7701,0.00120294,82.8955,
gemma,solo_self_refine,81,False,True,True,True,18895,0.0037627799999999994,46.9327,commonsense:valid_transportation
gemma,solo_self_refine,82,True,True,True,True,7787,0.00121316,49.6748,
gemma,solo_self_refine,83,False,True,True,True,18144,0.0028531200000000002,55.6664,commonsense:valid_transportation;hard:valid_room_type
gemma,solo_self_refine,84,False,True,True,True,20370,0.00298753,49.3302,commonsense:valid_transportation
gemma,solo_self_refine,85,False,True,True,True,16522,0.0023896100000000003,63.8583,hard:valid_room_type
gemma,solo_self_refine,86,True,True,True,True,8487,0.0013161,33.9882,
gemma,solo_self_refine,87,True,True,True,True,7843,0.00122412,40.3315,
gemma,solo_self_refine,88,False,True,True,True,18945,0.003224115,44.6237,commonsense:valid_accommodation
gemma,solo_self_refine,89,False,True,True,True,17935,0.00268919,72.4601,commonsense:valid_accommodation;hard:valid_room_type
gemma,solo_self_refine,90,False,True,True,True,17276,0.00259194,59.2865,hard:valid_room_type
gemma,solo_self_refine,91,False,True,True,True,19634,0.0036165999999999998,232.547,commonsense:valid_accommodation
gemma,solo_self_refine,92,True,True,True,True,7724,0.00119576,45.4074,
gemma,solo_self_refine,93,False,True,True,True,17204,0.00264152,103.4825,commonsense:valid_transportation
gemma,solo_self_refine,94,False,True,True,True,16397,0.00284401,39.002,commonsense:valid_restaurants;hard:valid_cost
gemma,solo_self_refine,95,False,True,True,True,16574,0.0028802949999999997,41.8448,commonsense:valid_info_sandbox;commonsense:valid_transportation
gemma,solo_self_refine,96,False,True,True,True,16792,0.0031072,61.126,commonsense:valid_info_sandbox
gemma,solo_self_refine,97,False,True,True,True,17446,0.002737565,50.5237,commonsense:valid_accommodation
gemma,solo_self_refine,98,True,True,True,True,7746,0.00119862,43.0678,
gemma,solo_self_refine,99,False,True,True,True,16059,0.0029474799999999997,174.6217,hard:valid_room_type
gemma,solo_self_refine,100,True,True,True,True,9412,0.00149396,50.3863,
gemma,solo_self_refine,101,False,True,True,True,20194,0.00354534,69.4895,hard:valid_cost
gemma,solo_self_refine,102,True,True,True,True,9527,0.001884325,31.0541,
gemma,solo_self_refine,103,True,True,True,True,9149,0.0020437,80.6152,
gemma,solo_self_refine,104,False,True,True,True,21531,0.00399225,56.7603,commonsense:valid_info_current_city;commonsense:reasonable_city_route;commonsense:valid_transportation;commonsense:not_absent
gemma,solo_self_refine,105,True,True,True,True,9945,0.0021906,35.4302,
gemma,solo_self_refine,106,False,True,True,True,21345,0.00324579,175.7925,commonsense:valid_accommodation
gemma,solo_self_refine,107,True,True,True,True,10274,0.0022591,44.0596,
gemma,solo_self_refine,108,True,True,True,True,10689,0.0016548,36.2773,
gemma,solo_self_refine,109,True,True,True,True,11254,0.00172874,38.6068,
gemma,solo_self_refine,110,True,True,True,True,9932,0.00155558,68.9434,
gemma,solo_self_refine,111,True,True,True,True,10394,0.00152422,50.999,
gemma,solo_self_refine,112,False,True,True,True,21340,0.00336434,88.005,commonsense:valid_accommodation
gemma,solo_self_refine,113,False,True,True,True,23504,0.00352772,92.0265,commonsense:valid_accommodation
gemma,solo_self_refine,114,False,True,True,True,24371,0.00360255,72.6549,commonsense:valid_transportation
gemma,solo_self_refine,115,False,True,True,True,22926,0.00428614,146.9951,commonsense:valid_accommodation
gemma,solo_self_refine,116,False,True,True,True,23558,0.00420275,66.4211,commonsense:valid_accommodation
gemma,solo_self_refine,117,True,True,True,True,9469,0.00149544,50.4835,
gemma,solo_self_refine,118,False,True,True,True,21975,0.00450749,41.8568,commonsense:valid_accommodation
gemma,solo_self_refine,119,False,True,True,True,21621,0.00403052,70.8407,commonsense:valid_transportation;commonsense:valid_accommodation
gemma,solo_self_refine,120,False,True,True,True,9646,0.00140973,44.6909,hard:valid_cuisine
gemma,solo_self_refine,121,True,True,True,True,5197,0.00079726,46.8024,
gemma,solo_self_refine,122,False,True,True,True,11682,0.0019146800000000002,31.5141,hard:valid_cost
gemma,solo_self_refine,123,False,True,True,True,12057,0.0019823949999999996,47.0252,hard:valid_cost
gemma,solo_self_refine,124,False,True,True,True,13775,0.001938,42.3854,hard:valid_cuisine
gemma,solo_self_refine,125,False,True,True,True,10893,0.00180567,59.1647,hard:valid_cost
gemma,solo_self_refine,126,True,True,True,True,5022,0.00096985,27.4231,
gemma,solo_self_refine,127,False,True,True,True,12618,0.002082025,58.6521,hard:valid_cost
gemma,solo_self_refine,128,False,True,True,True,11063,0.00174674,55.9003,hard:valid_cost
gemma,solo_self_refine,129,False,True,True,True,10454,0.00154459,53.6384,hard:valid_cost;hard:valid_cuisine
gemma,solo_self_refine,130,False,True,True,True,13201,0.00198568,46.044,hard:valid_cuisine
gemma,solo_self_refine,131,False,True,True,True,13031,0.0018771,48.2002,hard:valid_cuisine
gemma,solo_self_refine,132,True,True,True,True,5913,0.00090452,39.1118,
gemma,solo_self_refine,133,True,True,True,True,5817,0.00081621,30.1494,
gemma,solo_self_refine,134,True,True,True,True,5785,0.00081205,31.2699,
gemma,solo_self_refine,135,False,True,True,True,13193,0.00238688,50.334,hard:valid_cuisine
gemma,solo_self_refine,136,True,True,True,True,5318,0.00075384,26.8167,
gemma,solo_self_refine,137,False,True,True,True,11172,0.00196906,42.6506,commonsense:reasonable_city_route;hard:valid_cuisine
gemma,solo_self_refine,138,True,True,True,True,5054,0.00078088,96.5797,
gemma,solo_self_refine,139,False,True,True,True,13708,0.00199739,49.0322,hard:valid_cost;hard:valid_cuisine
gemma,solo_self_refine,140,False,True,True,True,18326,0.0026794,72.0969,commonsense:valid_transportation;hard:valid_cost
gemma,solo_self_refine,141,True,True,True,True,8703,0.00166895,26.9476,
gemma,solo_self_refine,142,False,True,True,True,18547,0.0032227999999999996,86.401,commonsense:valid_accommodation
gemma,solo_self_refine,143,False,True,True,True,14392,0.0021351499999999997,74.1461,hard:valid_cost
gemma,solo_self_refine,144,False,True,True,True,13546,0.00202908,69.3171,hard:valid_cost
gemma,solo_self_refine,145,True,True,True,True,7182,0.00106041,37.8342,
gemma,solo_self_refine,146,False,True,True,True,15706,0.002950485,84.8365,commonsense:valid_accommodation;hard:valid_cost
gemma,solo_self_refine,147,False,True,True,True,14888,0.00275084,36.5218,hard:valid_cost
gemma,solo_self_refine,148,True,True,True,True,6135,0.001228,41.5397,
gemma,solo_self_refine,149,False,True,True,True,16673,0.00308841,44.8772,hard:valid_cost;hard:valid_cuisine
gemma,solo_self_refine,150,True,True,True,True,8442,0.001824,31.1054,
gemma,solo_self_refine,151,True,True,True,True,6952,0.00110146,61.4847,
gemma,solo_self_refine,152,False,True,True,True,17099,0.0025303,70.9198,commonsense:not_absent
gemma,solo_self_refine,153,False,True,True,True,18903,0.00337446,64.3476,hard:valid_cost
gemma,solo_self_refine,154,True,True,True,True,7294,0.00114596,63.0754,
gemma,solo_self_refine,155,False,True,True,True,15820,0.00229307,42.1116,hard:valid_cost
gemma,solo_self_refine,156,True,True,True,True,7597,0.0011811,64.8219,
gemma,solo_self_refine,157,True,True,True,True,9084,0.0017249,27.4693,
gemma,solo_self_refine,158,True,True,True,True,8706,0.001680525,26.3699,
gemma,solo_self_refine,159,False,True,True,True,13250,0.00203476,45.5355,hard:valid_cost
gemma,solo_self_refine,160,True,True,True,True,9029,0.00143826,47.7173,
gemma,solo_self_refine,161,True,True,True,True,9342,0.00146544,44.7422,
gemma,solo_self_refine,162,True,True,True,True,10080,0.00147415,32.0242,
gemma,solo_self_refine,163,False,True,True,True,19185,0.00358656,162.5163,hard:valid_cost
gemma,solo_self_refine,164,False,True,True,True,24046,0.003631475,75.4484,hard:valid_cost
gemma,solo_self_refine,165,True,True,True,True,8349,0.001698325,32.1994,
gemma,solo_self_refine,166,False,True,True,True,22968,0.00429558,240.348,hard:valid_cost
gemma,solo_self_refine,167,True,True,True,True,9745,0.0014361,55.0645,
gemma,solo_self_refine,168,True,True,True,True,8303,0.00125189,36.0763,
gemma,solo_self_refine,169,False,True,True,True,24322,0.0037896400000000004,83.3579,commonsense:valid_accommodation;hard:valid_room_rule
gemma,solo_self_refine,170,False,True,True,True,25206,0.0038322499999999997,111.6877,commonsense:valid_accommodation
gemma,solo_self_refine,171,True,True,True,True,10636,0.0023198,36.4119,
gemma,solo_self_refine,172,False,True,True,True,19874,0.00315191,101.303,hard:valid_cost
gemma,solo_self_refine,173,True,True,True,True,18697,0.0028889,72.3558,
gemma,solo_self_refine,174,True,True,True,True,8646,0.00129798,37.9229,
gemma,solo_self_refine,175,True,True,True,True,9487,0.00150264,69.1634,
gemma,solo_self_refine,176,False,True,True,True,21911,0.0033191899999999996,105.8629,commonsense:valid_accommodation;hard:valid_cuisine
gemma,solo_self_refine,177,True,True,True,True,10521,0.00152798,59.6238,
gemma,solo_self_refine,178,False,True,True,True,24587,0.0036289800000000004,87.9055,hard:valid_room_type
gemma,solo_self_refine,179,False,True,True,True,22489,0.00334871,74.6893,commonsense:valid_info_sandbox;commonsense:valid_transportation
gemma,stigmergiagentic_c3,0,True,False,True,False,11494,0.00138332,0.0,ok
gemma,stigmergiagentic_c3,1,True,False,True,False,10742,0.0023224,0.0,ok
gemma,stigmergiagentic_c3,2,True,False,True,False,11185,0.00164082,0.0,ok
gemma,stigmergiagentic_c3,3,True,False,True,False,8716,0.00163852,0.0,ok
gemma,stigmergiagentic_c3,4,True,False,True,False,11662,0.00173006,0.0,ok
gemma,stigmergiagentic_c3,5,True,False,True,False,10672,0.0023162,0.0,ok
gemma,stigmergiagentic_c3,6,True,False,True,False,10699,0.00196338,0.0,ok
gemma,stigmergiagentic_c3,7,True,False,True,False,9990,0.00155876,0.0,ok
gemma,stigmergiagentic_c3,8,True,False,True,False,9394,0.0017425799999999999,0.0,ok
gemma,stigmergiagentic_c3,9,True,False,True,False,11553,0.00213464,0.0,ok
gemma,stigmergiagentic_c3,10,True,False,True,False,11347,0.00171416,0.0,ok
gemma,stigmergiagentic_c3,11,True,False,True,False,8676,0.00161884,0.0,ok
gemma,stigmergiagentic_c3,12,True,False,True,False,9648,0.00149892,0.0,ok
gemma,stigmergiagentic_c3,13,True,False,True,False,10750,0.00163812,0.0,ok
gemma,stigmergiagentic_c3,14,True,False,True,False,12401,0.00225618,0.0,ok
gemma,stigmergiagentic_c3,15,True,False,True,False,9967,0.00185704,0.0,ok
gemma,stigmergiagentic_c3,16,True,False,True,False,12141,0.0021690299999999997,0.0,ok
gemma,stigmergiagentic_c3,17,False,True,True,True,34786,0.00581897,0.0,ok
gemma,stigmergiagentic_c3,18,True,False,True,False,12888,0.002745,0.0,ok
gemma,stigmergiagentic_c3,19,False,True,True,True,37138,0.0055679250000000005,0.0,ok
gemma,stigmergiagentic_c3,20,False,False,False,False,17677,0.0025337600000000004,0.0,validator_replan_exhausted
gemma,stigmergiagentic_c3,21,False,False,False,False,0,0.0,0.0,empty_plan_after_max_attempts
gemma,stigmergiagentic_c3,22,False,False,False,False,0,0.0,0.0,empty_plan_after_max_attempts
gemma,stigmergiagentic_c3,23,False,False,False,False,0,0.0,0.0,empty_plan_after_max_attempts
gemma,stigmergiagentic_c3,24,False,False,False,False,0,0.0,0.0,empty_plan_after_max_attempts
gemma,stigmergiagentic_c3,25,False,False,False,False,0,0.0,0.0,empty_plan_after_max_attempts
gemma,stigmergiagentic_c3,26,False,False,False,False,0,0.0,0.0,empty_plan_after_max_attempts
gemma,stigmergiagentic_c3,27,False,False,False,False,0,0.0,0.0,empty_plan_after_max_attempts
gemma,stigmergiagentic_c3,28,False,False,False,False,0,0.0,0.0,empty_plan_after_max_attempts
gemma,stigmergiagentic_c3,29,False,False,False,False,0,0.0,0.0,empty_plan_after_max_attempts
gemma,stigmergiagentic_c3,30,False,False,False,False,0,0.0,0.0,empty_plan_after_max_attempts
gemma,stigmergiagentic_c3,31,False,False,False,False,0,0.0,0.0,empty_plan_after_max_attempts
gemma,stigmergiagentic_c3,32,False,False,False,False,0,0.0,0.0,empty_plan_after_max_attempts
gemma,stigmergiagentic_c3,33,False,False,False,False,0,0.0,0.0,empty_plan_after_max_attempts
gemma,stigmergiagentic_c3,34,False,False,False,False,0,0.0,0.0,empty_plan_after_max_attempts
gemma,stigmergiagentic_c3,35,False,False,False,False,0,0.0,0.0,empty_plan_after_max_attempts
gemma,stigmergiagentic_c3,36,False,False,False,False,0,0.0,0.0,empty_plan_after_max_attempts
gemma,stigmergiagentic_c3,37,False,False,False,False,0,0.0,0.0,empty_plan_after_max_attempts
gemma,stigmergiagentic_c3,38,False,False,False,False,0,0.0,0.0,empty_plan_after_max_attempts
gemma,stigmergiagentic_c3,39,False,False,False,False,0,0.0,0.0,empty_plan_after_max_attempts
gemma,stigmergiagentic_c3,40,False,False,False,False,0,0.0,0.0,empty_plan_after_max_attempts
gemma,stigmergiagentic_c3,41,False,False,False,False,0,0.0,0.0,empty_plan_after_max_attempts
gemma,stigmergiagentic_c3,42,False,False,False,False,0,0.0,0.0,empty_plan_after_max_attempts
gemma,stigmergiagentic_c3,43,False,False,False,False,0,0.0,0.0,empty_plan_after_max_attempts
gemma,stigmergiagentic_c3,44,False,False,False,False,0,0.0,0.0,empty_plan_after_max_attempts
gemma,stigmergiagentic_c3,45,False,False,False,False,0,0.0,0.0,empty_plan_after_max_attempts
gemma,stigmergiagentic_c3,46,False,False,False,False,0,0.0,0.0,empty_plan_after_max_attempts
gemma,stigmergiagentic_c3,47,False,False,False,False,0,0.0,0.0,empty_plan_after_max_attempts
gemma,stigmergiagentic_c3,48,False,False,False,False,0,0.0,0.0,empty_plan_after_max_attempts
gemma,stigmergiagentic_c3,49,False,False,False,False,0,0.0,0.0,empty_plan_after_max_attempts
gemma,stigmergiagentic_c3,50,False,False,False,False,0,0.0,0.0,empty_plan_after_max_attempts
gemma,stigmergiagentic_c3,51,False,False,False,False,0,0.0,0.0,empty_plan_after_max_attempts
gemma,stigmergiagentic_c3,52,False,False,False,False,0,0.0,0.0,empty_plan_after_max_attempts
gemma,stigmergiagentic_c3,53,False,False,False,False,0,0.0,0.0,empty_plan_after_max_attempts
gemma,stigmergiagentic_c3,54,False,False,False,False,0,0.0,0.0,empty_plan_after_max_attempts
gemma,stigmergiagentic_c3,55,False,False,False,False,0,0.0,0.0,empty_plan_after_max_attempts
gemma,stigmergiagentic_c3,56,False,False,False,False,0,0.0,0.0,empty_plan_after_max_attempts
gemma,stigmergiagentic_c3,57,False,False,False,False,0,0.0,0.0,empty_plan_after_max_attempts
gemma,stigmergiagentic_c3,58,False,False,False,False,0,0.0,0.0,empty_plan_after_max_attempts
gemma,stigmergiagentic_c3,59,False,False,False,False,0,0.0,0.0,empty_plan_after_max_attempts
gemma,stigmergiagentic_c3,60,False,False,False,False,0,0.0,0.0,empty_plan_after_max_attempts
gemma,stigmergiagentic_c3,61,False,False,False,False,0,0.0,0.0,empty_plan_after_max_attempts
gemma,stigmergiagentic_c3,62,False,False,False,False,0,0.0,0.0,empty_plan_after_max_attempts
gemma,stigmergiagentic_c3,63,False,False,False,False,0,0.0,0.0,empty_plan_after_max_attempts
gemma,stigmergiagentic_c3,64,False,False,False,False,0,0.0,0.0,empty_plan_after_max_attempts
gemma,stigmergiagentic_c3,65,False,False,False,False,0,0.0,0.0,empty_plan_after_max_attempts
gemma,stigmergiagentic_c3,66,False,False,False,False,0,0.0,0.0,empty_plan_after_max_attempts
gemma,stigmergiagentic_c3,67,False,False,False,False,0,0.0,0.0,empty_plan_after_max_attempts
gemma,stigmergiagentic_c3,68,False,False,False,False,0,0.0,0.0,empty_plan_after_max_attempts
gemma,stigmergiagentic_c3,69,False,False,False,False,0,0.0,0.0,empty_plan_after_max_attempts
gemma,stigmergiagentic_c3,70,False,False,False,False,0,0.0,0.0,empty_plan_after_max_attempts
gemma,stigmergiagentic_c3,71,False,False,False,False,0,0.0,0.0,empty_plan_after_max_attempts
gemma,stigmergiagentic_c3,72,False,False,False,False,0,0.0,0.0,empty_plan_after_max_attempts
gemma,stigmergiagentic_c3,73,False,False,False,False,0,0.0,0.0,empty_plan_after_max_attempts
gemma,stigmergiagentic_c3,74,False,False,False,False,0,0.0,0.0,empty_plan_after_max_attempts
gemma,stigmergiagentic_c3,75,False,False,False,False,0,0.0,0.0,empty_plan_after_max_attempts
gemma,stigmergiagentic_c3,76,False,False,False,False,0,0.0,0.0,empty_plan_after_max_attempts
gemma,stigmergiagentic_c3,77,False,False,False,False,0,0.0,0.0,empty_plan_after_max_attempts
gemma,stigmergiagentic_c3,78,False,False,False,False,0,0.0,0.0,empty_plan_after_max_attempts
gemma,stigmergiagentic_c3,79,False,False,False,False,0,0.0,0.0,empty_plan_after_max_attempts
gemma,stigmergiagentic_c3,80,False,False,False,False,0,0.0,0.0,empty_plan_after_max_attempts
gemma,stigmergiagentic_c3,81,False,False,False,False,0,0.0,0.0,empty_plan_after_max_attempts
gemma,stigmergiagentic_c3,82,False,False,False,False,0,0.0,0.0,empty_plan_after_max_attempts
gemma,stigmergiagentic_c3,83,False,False,False,False,0,0.0,0.0,empty_plan_after_max_attempts
gemma,stigmergiagentic_c3,84,False,False,False,False,0,0.0,0.0,empty_plan_after_max_attempts
gemma,stigmergiagentic_c3,85,False,False,False,False,0,0.0,0.0,empty_plan_after_max_attempts
gemma,stigmergiagentic_c3,86,False,False,False,False,0,0.0,0.0,empty_plan_after_max_attempts
gemma,stigmergiagentic_c3,87,False,False,False,False,0,0.0,0.0,empty_plan_after_max_attempts
gemma,stigmergiagentic_c3,88,False,False,False,False,0,0.0,0.0,empty_plan_after_max_attempts
gemma,stigmergiagentic_c3,89,False,False,False,False,0,0.0,0.0,empty_plan_after_max_attempts
gemma,stigmergiagentic_c3,90,False,False,False,False,0,0.0,0.0,empty_plan_after_max_attempts
gemma,stigmergiagentic_c3,91,False,False,False,False,0,0.0,0.0,empty_plan_after_max_attempts
gemma,stigmergiagentic_c3,92,False,False,False,False,0,0.0,0.0,empty_plan_after_max_attempts
gemma,stigmergiagentic_c3,93,False,False,False,False,0,0.0,0.0,empty_plan_after_max_attempts
gemma,stigmergiagentic_c3,94,False,False,False,False,0,0.0,0.0,empty_plan_after_max_attempts
gemma,stigmergiagentic_c3,95,False,False,False,False,0,0.0,0.0,empty_plan_after_max_attempts
gemma,stigmergiagentic_c3,96,False,False,False,False,0,0.0,0.0,empty_plan_after_max_attempts
gemma,stigmergiagentic_c3,97,False,False,False,False,0,0.0,0.0,empty_plan_after_max_attempts
gemma,stigmergiagentic_c3,98,False,False,False,False,0,0.0,0.0,empty_plan_after_max_attempts
gemma,stigmergiagentic_c3,99,False,False,False,False,0,0.0,0.0,empty_plan_after_max_attempts
gemma,stigmergiagentic_c3,100,False,False,False,False,0,0.0,0.0,empty_plan_after_max_attempts
gemma,stigmergiagentic_c3,101,False,False,False,False,0,0.0,0.0,empty_plan_after_max_attempts
gemma,stigmergiagentic_c3,102,False,False,False,False,0,0.0,0.0,empty_plan_after_max_attempts
gemma,stigmergiagentic_c3,103,False,False,False,False,0,0.0,0.0,empty_plan_after_max_attempts
gemma,stigmergiagentic_c3,104,False,False,False,False,0,0.0,0.0,empty_plan_after_max_attempts
gemma,stigmergiagentic_c3,105,False,False,False,False,0,0.0,0.0,empty_plan_after_max_attempts
gemma,stigmergiagentic_c3,106,False,False,False,False,0,0.0,0.0,empty_plan_after_max_attempts
gemma,stigmergiagentic_c3,107,False,False,False,False,0,0.0,0.0,empty_plan_after_max_attempts
gemma,stigmergiagentic_c3,108,False,False,False,False,0,0.0,0.0,empty_plan_after_max_attempts
gemma,stigmergiagentic_c3,109,False,False,False,False,0,0.0,0.0,empty_plan_after_max_attempts
gemma,stigmergiagentic_c3,110,False,False,False,False,0,0.0,0.0,empty_plan_after_max_attempts
gemma,stigmergiagentic_c3,111,False,False,False,False,0,0.0,0.0,empty_plan_after_max_attempts
gemma,stigmergiagentic_c3,112,False,False,False,False,0,0.0,0.0,empty_plan_after_max_attempts
gemma,stigmergiagentic_c3,113,False,False,False,False,0,0.0,0.0,empty_plan_after_max_attempts
gemma,stigmergiagentic_c3,114,False,False,False,False,0,0.0,0.0,empty_plan_after_max_attempts
gemma,stigmergiagentic_c3,115,False,False,False,False,0,0.0,0.0,empty_plan_after_max_attempts
gemma,stigmergiagentic_c3,116,False,False,False,False,0,0.0,0.0,empty_plan_after_max_attempts
gemma,stigmergiagentic_c3,117,False,False,False,False,0,0.0,0.0,empty_plan_after_max_attempts
gemma,stigmergiagentic_c3,118,False,False,False,False,0,0.0,0.0,empty_plan_after_max_attempts
gemma,stigmergiagentic_c3,119,False,False,False,False,0,0.0,0.0,empty_plan_after_max_attempts
gemma,stigmergiagentic_c3,120,False,False,False,False,0,0.0,0.0,empty_plan_after_max_attempts
gemma,stigmergiagentic_c3,121,False,False,False,False,0,0.0,0.0,empty_plan_after_max_attempts
gemma,stigmergiagentic_c3,122,False,False,False,False,0,0.0,0.0,empty_plan_after_max_attempts
gemma,stigmergiagentic_c3,123,False,False,False,False,0,0.0,0.0,empty_plan_after_max_attempts
gemma,stigmergiagentic_c3,124,False,False,False,False,0,0.0,0.0,empty_plan_after_max_attempts
gemma,stigmergiagentic_c3,125,False,False,False,False,0,0.0,0.0,empty_plan_after_max_attempts
gemma,stigmergiagentic_c3,126,False,False,False,False,0,0.0,0.0,empty_plan_after_max_attempts
gemma,stigmergiagentic_c3,127,False,False,False,False,0,0.0,0.0,empty_plan_after_max_attempts
gemma,stigmergiagentic_c3,128,False,False,False,False,0,0.0,0.0,empty_plan_after_max_attempts
gemma,stigmergiagentic_c3,129,False,False,False,False,0,0.0,0.0,empty_plan_after_max_attempts
gemma,stigmergiagentic_c3,130,False,False,False,False,0,0.0,0.0,empty_plan_after_max_attempts
gemma,stigmergiagentic_c3,131,False,False,False,False,0,0.0,0.0,empty_plan_after_max_attempts
gemma,stigmergiagentic_c3,132,False,False,False,False,0,0.0,0.0,empty_plan_after_max_attempts
gemma,stigmergiagentic_c3,133,False,False,False,False,0,0.0,0.0,empty_plan_after_max_attempts
gemma,stigmergiagentic_c3,134,False,False,False,False,0,0.0,0.0,empty_plan_after_max_attempts
gemma,stigmergiagentic_c3,135,False,False,False,False,0,0.0,0.0,empty_plan_after_max_attempts
gemma,stigmergiagentic_c3,136,False,False,False,False,0,0.0,0.0,empty_plan_after_max_attempts
gemma,stigmergiagentic_c3,137,False,False,False,False,0,0.0,0.0,empty_plan_after_max_attempts
gemma,stigmergiagentic_c3,138,False,False,False,False,0,0.0,0.0,empty_plan_after_max_attempts
gemma,stigmergiagentic_c3,139,False,False,False,False,0,0.0,0.0,empty_plan_after_max_attempts
gemma,stigmergiagentic_c3,140,False,False,False,False,0,0.0,0.0,empty_plan_after_max_attempts
gemma,stigmergiagentic_c3,141,False,False,False,False,0,0.0,0.0,empty_plan_after_max_attempts
gemma,stigmergiagentic_c3,142,False,False,False,False,0,0.0,0.0,empty_plan_after_max_attempts
gemma,stigmergiagentic_c3,143,False,False,False,False,0,0.0,0.0,empty_plan_after_max_attempts
gemma,stigmergiagentic_c3,144,False,False,False,False,0,0.0,0.0,empty_plan_after_max_attempts
gemma,stigmergiagentic_c3,145,False,False,False,False,0,0.0,0.0,empty_plan_after_max_attempts
gemma,stigmergiagentic_c3,146,False,False,False,False,0,0.0,0.0,empty_plan_after_max_attempts
gemma,stigmergiagentic_c3,147,False,False,False,False,0,0.0,0.0,empty_plan_after_max_attempts
gemma,stigmergiagentic_c3,148,False,False,False,False,0,0.0,0.0,empty_plan_after_max_attempts
gemma,stigmergiagentic_c3,149,False,False,False,False,0,0.0,0.0,empty_plan_after_max_attempts
gemma,stigmergiagentic_c3,150,False,False,False,False,0,0.0,0.0,empty_plan_after_max_attempts
gemma,stigmergiagentic_c3,151,False,False,False,False,0,0.0,0.0,empty_plan_after_max_attempts
gemma,stigmergiagentic_c3,152,False,False,False,False,0,0.0,0.0,empty_plan_after_max_attempts
gemma,stigmergiagentic_c3,153,False,False,False,False,0,0.0,0.0,empty_plan_after_max_attempts
gemma,stigmergiagentic_c3,154,False,False,False,False,0,0.0,0.0,empty_plan_after_max_attempts
gemma,stigmergiagentic_c3,155,False,False,False,False,0,0.0,0.0,empty_plan_after_max_attempts
gemma,stigmergiagentic_c3,156,False,False,False,False,0,0.0,0.0,empty_plan_after_max_attempts
gemma,stigmergiagentic_c3,157,False,False,False,False,0,0.0,0.0,empty_plan_after_max_attempts
gemma,stigmergiagentic_c3,158,False,False,False,False,0,0.0,0.0,empty_plan_after_max_attempts
gemma,stigmergiagentic_c3,159,False,False,False,False,0,0.0,0.0,empty_plan_after_max_attempts
gemma,stigmergiagentic_c3,160,False,False,False,False,0,0.0,0.0,empty_plan_after_max_attempts
gemma,stigmergiagentic_c3,161,False,False,False,False,0,0.0,0.0,empty_plan_after_max_attempts
gemma,stigmergiagentic_c3,162,False,False,False,False,0,0.0,0.0,empty_plan_after_max_attempts
gemma,stigmergiagentic_c3,163,False,False,False,False,0,0.0,0.0,empty_plan_after_max_attempts
gemma,stigmergiagentic_c3,164,False,False,False,False,0,0.0,0.0,empty_plan_after_max_attempts
gemma,stigmergiagentic_c3,165,False,False,False,False,0,0.0,0.0,empty_plan_after_max_attempts
gemma,stigmergiagentic_c3,166,False,False,False,False,0,0.0,0.0,empty_plan_after_max_attempts
gemma,stigmergiagentic_c3,167,False,False,False,False,0,0.0,0.0,empty_plan_after_max_attempts
gemma,stigmergiagentic_c3,168,False,False,False,False,0,0.0,0.0,empty_plan_after_max_attempts
gemma,stigmergiagentic_c3,169,False,False,False,False,0,0.0,0.0,empty_plan_after_max_attempts
gemma,stigmergiagentic_c3,170,False,False,False,False,0,0.0,0.0,empty_plan_after_max_attempts
gemma,stigmergiagentic_c3,171,False,False,False,False,0,0.0,0.0,empty_plan_after_max_attempts
gemma,stigmergiagentic_c3,172,False,False,False,False,0,0.0,0.0,empty_plan_after_max_attempts
gemma,stigmergiagentic_c3,173,False,False,False,False,0,0.0,0.0,empty_plan_after_max_attempts
gemma,stigmergiagentic_c3,174,False,False,False,False,0,0.0,0.0,empty_plan_after_max_attempts
gemma,stigmergiagentic_c3,175,False,False,False,False,0,0.0,0.0,empty_plan_after_max_attempts
gemma,stigmergiagentic_c3,176,False,False,False,False,0,0.0,0.0,empty_plan_after_max_attempts
gemma,stigmergiagentic_c3,177,False,False,False,False,0,0.0,0.0,empty_plan_after_max_attempts
gemma,stigmergiagentic_c3,178,False,False,False,False,0,0.0,0.0,empty_plan_after_max_attempts
gemma,stigmergiagentic_c3,179,False,False,False,False,0,0.0,0.0,empty_plan_after_max_attempts
